Annee,ASM_Domestic,ASM_International,Flights_Domestic,Flights_International,Passengers_Domestic,Passengers_International,RPM_Domestic,RPM_International,Airline_Code,Airport_Code,RPM_Total
2002,59854,0.0,774,0,60464,59,38363,0,FA,FKT,38363
2002,55009,0.0,733,0,57649,0,36286,0,FA,FKT,36286
2002,56586,0.0,745,0,66240,0,41907,0,FA,FKT,41907
2003,57448,0.0,754,0,55317,4,35118,0,FA,FKT,35118
2003,54006,0.0,674,0,53216,65,33724,0,FA,FKT,33724
2003,61306,0.0,755,0,62656,68,39839,0,FA,FKT,39839
2003,59205,0.0,739,0,60998,98,38776,0,FA,FKT,38776
2003,60778,0.0,750,0,66503,191,42659,0,FA,FKT,42659
2003,58660,0.0,749,0,71537,153,45628,0,FA,FKT,45628
2003,58967,0.0,769,0,72092,270,46152,0,FA,FKT,46152
2003,59835,0.0,758,0,64000,104,41162,0,FA,FKT,41162
2003,58603,0.0,743,0,55447,58,35554,0,FA,FKT,35554
2003,61480,0.0,773,0,62865,58,40381,0,FA,FKT,40381
2003,54231,0.0,656,0,50931,141,34286,0,FA,FKT,34286
2003,56589,0.0,687,0,56330,183,37553,0,FA,FKT,37553
2004,56186,0.0,690,0,50075,61,33625,0,FA,FKT,33625
2004,50340,0.0,621,0,47066,35,31355,0,FA,FKT,31355
2004,56737,0.0,701,0,57356,36,38286,0,FA,FKT,38286
2004,56421,0.0,687,0,57307,43,38421,0,FA,FKT,38421
2004,57392,0.0,683,0,59912,0,40018,0,FA,FKT,40018
2004,55382,0.0,651,0,59962,0,40070,0,FA,FKT,40070
2004,54610,0.0,641,0,58393,0,39071,0,FA,FKT,39071
2004,53930,0.0,630,0,51419,0,34625,0,FA,FKT,34625
2004,49847,0.0,574,0,47245,0,32005,0,FA,FKT,32005
2004,54755,0.0,633,0,56010,0,37756,0,FA,FKT,37756
2004,53410,0.0,618,0,53956,0,36278,0,FA,FKT,36278
2004,55263,0.0,640,0,60175,0,40453,0,FA,FKT,40453
2005,51011,0.0,592,0,46815,0,31525,0,FA,FKT,31525
2005,47408,0.0,548,0,47022,0,31421,0,FA,FKT,31421
2005,54469,0.0,619,0,58225,0,38784,0,FA,FKT,38784
2005,56520,0.0,620,0,56697,146,38066,0,FA,FKT,38066
2005,60153,0.0,650,0,60327,160,40416,0,FA,FKT,40416
2005,65703,0.0,699,0,69660,256,47284,0,FA,FKT,47284
2005,68125,0.0,722,0,71360,341,48682,0,FA,FKT,48682
2005,67223,0.0,711,0,61817,234,42603,0,FA,FKT,42603
2005,64583,0.0,680,0,62012,118,42467,0,FA,FKT,42467
2005,63408,0.0,668,0,66786,178,45712,0,FA,FKT,45712
2005,61262,0.0,644,0,67391,48,46252,0,FA,FKT,46252
2005,61800,0.0,650,0,70801,73,48229,0,FA,FKT,48229
2006,62079,0.0,655,0,57655,35,39429,0,FA,FKT,39429
2006,55361,0.0,584,0,56441,47,38536,0,FA,FKT,38536
2006,62742,0.0,661,0,69593,74,47338,0,FA,FKT,47338
2006,66036,0.0,696,0,74414,87,50720,0,FA,FKT,50720
2006,68562,0.0,722,0,78972,212,54139,0,FA,FKT,54139
2006,67165,0.0,708,0,79307,264,54173,0,FA,FKT,54173
2006,67248,0.0,710,0,76982,361,52706,0,FA,FKT,52706
2006,68005,0.0,716,0,65043,169,44676,0,FA,FKT,44676
2006,62392,0.0,655,0,58299,102,39941,0,FA,FKT,39941
2006,65455,0.0,687,0,65844,131,44926,0,FA,FKT,44926
2006,61786,0.0,649,0,64960,142,44509,0,FA,FKT,44509
2006,63029,0.0,661,0,68272,127,46582,0,FA,FKT,46582
2007,63259,0.0,664,0,60206,118,41131,0,FA,FKT,41131
2007,55289,0.0,579,0,57392,42,39295,0,FA,FKT,39295
2007,63802,0.0,668,0,71184,80,48484,0,FA,FKT,48484
2007,64960,0.0,676,0,69967,35,48008,0,FA,FKT,48008
2007,68074,0.0,709,0,73728,9,50339,0,FA,FKT,50339
2007,65374,0.0,678,0,76072,38,52026,0,FA,FKT,52026
2007,67771,107.0,703,1,77005,12,52592,88,FA,FKT,52680
2007,68779,0.0,711,0,74170,20,50930,0,FA,FKT,50930
2007,64457,0.0,668,0,64897,34,44276,0,FA,FKT,44276
2007,68466,0.0,707,0,71648,56,48898,0,FA,FKT,48898
2007,64764,0.0,669,0,67568,33,46242,0,FA,FKT,46242
2007,66857,0.0,687,0,66547,31,45862,0,FA,FKT,45862
2008,64953,0.0,669,0,57092,7,39242,0,FA,FKT,39242
2008,60901,0.0,626,0,59175,22,40633,0,FA,FKT,40633
2008,64161,0.0,661,0,69906,32,48187,0,FA,FKT,48187
2008,62835,0.0,645,0,63995,161,43962,0,FA,FKT,43962
2008,67912,0.0,697,0,68133,162,46738,0,FA,FKT,46738
2008,66335,0.0,683,0,68780,224,47099,0,FA,FKT,47099
2008,69194,0.0,710,0,69416,267,47691,0,FA,FKT,47691
2008,67369,107.0,692,1,61618,235,42427,60,FA,FKT,42487
2008,65978,0.0,681,0,52321,49,35867,0,FA,FKT,35867
2008,68695,0.0,708,0,59440,30,40489,0,FA,FKT,40489
2008,53060,0.0,555,0,47032,75,31827,0,FA,FKT,31827
2008,54601,0.0,570,0,54271,67,36446,0,FA,FKT,36446
2009,52903,0.0,554,0,44906,51,30282,0,FA,FKT,30282
2009,48424,0.0,508,0,44844,71,30114,0,FA,FKT,30114
2009,54011,0.0,565,0,57072,82,38188,0,FA,FKT,38188
2009,54179,0.0,567,0,61197,56,41005,0,FA,FKT,41005
2009,56863,0.0,595,0,61885,58,41313,0,FA,FKT,41313
2009,53875,0.0,565,0,67300,73,45028,0,FA,FKT,45028
2009,55769,0.0,586,0,64983,157,43628,0,FA,FKT,43628
2009,54669,0.0,572,0,55009,144,37216,0,FA,FKT,37216
2009,51560,0.0,536,0,48954,145,33222,0,FA,FKT,33222
2009,53947,0.0,560,0,55022,134,37390,0,FA,FKT,37390
2009,49746,0.0,518,0,47385,110,32034,0,FA,FKT,32034
2009,48657,0.0,508,0,51512,54,34627,0,FA,FKT,34627
2010,48024,0.0,503,0,47152,22,31864,0,FA,FKT,31864
2010,43257,0.0,454,0,43117,42,29000,0,FA,FKT,29000
2010,50680,0.0,531,0,56901,29,38187,0,FA,FKT,38187
2010,41749,107.0,427,1,45132,51,31091,97,FA,FKT,31188
2010,40388,0.0,412,0,45812,84,31582,0,FA,FKT,31582
2010,39908,0.0,404,0,42620,213,29637,0,FA,FKT,29637
2010,40742,0.0,412,0,46368,330,32299,0,FA,FKT,32299
2010,41556,0.0,418,0,40127,118,28017,0,FA,FKT,28017
2010,40497,0.0,404,0,38854,138,27119,0,FA,FKT,27119
2010,42193,0.0,421,0,46181,109,32086,0,FA,FKT,32086
2010,41164,0.0,412,0,40992,79,28470,0,FA,FKT,28470
2010,43951,0.0,438,0,45964,129,31807,0,FA,FKT,31807
2011,41915,0.0,418,0,35995,32,25309,0,FA,FKT,25309
2011,37782,0.0,378,0,34060,24,23596,0,FA,FKT,23596
2011,43670,0.0,435,0,39901,29,27775,0,FA,FKT,27775
2011,42582,0.0,425,0,42252,444,29500,0,FA,FKT,29500
2011,42193,0.0,422,0,44746,403,31167,0,FA,FKT,31167
2011,44031,0.0,434,0,49199,209,34048,0,FA,FKT,34048
2011,44486,0.0,439,0,50551,65,34667,0,FA,FKT,34667
2011,44135,0.0,436,0,41232,189,28654,0,FA,FKT,28654
2011,42495,0.0,426,0,40082,201,27630,0,FA,FKT,27630
2011,44227,0.0,443,0,46420,190,31943,0,FA,FKT,31943
2011,41991,0.0,418,0,43833,218,30068,0,FA,FKT,30068
2011,45311,0.0,449,0,47597,222,32240,0,FA,FKT,32240
2012,47536,0.0,474,0,39279,50,26826,0,FA,FKT,26826
2012,41712,0.0,414,0,34833,109,23828,0,FA,FKT,23828
2012,47784,0.0,470,0,45290,237,31160,0,FA,FKT,31160
2012,38000,0.0,378,0,36496,60,25327,0,FA,FKT,25327
2012,40870,0.0,406,0,41541,74,28759,0,FA,FKT,28759
2012,39626,0.0,394,0,40313,188,27842,0,FA,FKT,27842
2012,38715,0.0,385,0,39204,298,27209,0,FA,FKT,27209
2012,37161,0.0,369,0,34557,216,24278,0,FA,FKT,24278
2012,35344,0.0,352,0,29218,110,20444,0,FA,FKT,20444
2012,38684,0.0,385,0,37039,97,25786,0,FA,FKT,25786
2012,38877,0.0,387,0,36367,85,25265,0,FA,FKT,25265
2012,41483,0.0,414,0,41561,0,28488,0,FA,FKT,28488
2013,42387,0.0,426,0,34681,0,24128,0,FA,FKT,24128
2013,38150,0.0,385,0,33428,0,22927,0,FA,FKT,22927
2013,42564,0.0,432,0,40483,0,27744,0,FA,FKT,27744
2013,36929,0.0,384,0,36335,0,25185,0,FA,FKT,25185
2013,37555,0.0,393,0,41227,0,28199,0,FA,FKT,28199
2013,37077,0.0,388,0,42449,142,29235,0,FA,FKT,29235
2013,39514,0.0,408,0,41420,212,28963,0,FA,FKT,28963
2013,38453,0.0,398,0,35129,120,24432,0,FA,FKT,24432
2013,35174,0.0,365,0,31665,0,22067,0,FA,FKT,22067
2013,37415,0.0,387,0,42063,0,29357,0,FA,FKT,29357
2013,35374,0.0,366,0,36082,0,25022,0,FA,FKT,25022
2013,35386,0.0,368,0,40889,0,27830,0,FA,FKT,27830
2014,38586,0.0,400,0,36528,0,25348,0,FA,FKT,25348
2014,32939,0.0,341,0,37977,0,26260,0,FA,FKT,26260
2014,39151,0.0,406,0,45699,0,31551,0,FA,FKT,31551
2014,38317,0.0,397,0,45052,0,31344,0,FA,FKT,31344
2014,38130,0.0,395,0,51104,0,35199,0,FA,FKT,35199
2014,38195,0.0,399,0,50156,0,34569,0,FA,FKT,34569
2014,39011,0.0,411,0,49595,0,34223,0,FA,FKT,34223
2014,36188,0.0,380,0,43880,0,30671,0,FA,FKT,30671
2014,33972,0.0,352,0,39408,0,27966,0,FA,FKT,27966
2014,34592,0.0,360,0,41631,0,29519,0,FA,FKT,29519
2014,33700,0.0,360,0,39628,0,27943,0,FA,FKT,27943
2014,36682,0.0,389,0,42697,0,30005,0,FA,FKT,30005
2015,36459,0.0,396,0,40162,0,28042,0,FA,FKT,28042
2015,31150,0.0,339,0,34902,0,24384,0,FA,FKT,24384
2015,58303,0.0,476,0,50790,0,45511,0,FA,FKT,45511
2015,59041,0.0,465,0,52245,0,47842,0,FA,FKT,47842
2015,57560,0.0,461,0,54770,0,48291,0,FA,FKT,48291
2015,58795,0.0,479,0,59954,16,53764,0,FA,FKT,53764
2015,118893,0.0,1040,0,142974,32,112338,0,FA,FKT,112338
2015,110300,0.0,978,0,128972,37,97669,0,FA,FKT,97669
2015,100630,0.0,912,0,121215,63,87525,0,FA,FKT,87525
2015,108766,0.0,968,0,129563,46,98774,0,FA,FKT,98774
2015,104448,0.0,927,0,122524,122,93355,0,FA,FKT,93355
2015,104262,0.0,922,0,124347,145,95897,0,FA,FKT,95897
2016,90239,0.0,815,0,105835,65,81073,0,FA,FKT,81073
2016,81977,0.0,792,0,87860,38,70421,0,FA,FKT,70421
2016,88853,0.0,858,0,98310,83,77773,0,FA,FKT,77773
2016,88782,0.0,844,0,104517,283,81573,0,FA,FKT,81573
2016,110759,0.0,1082,0,144985,282,105595,0,FA,FKT,105595
2016,103866,0.0,1005,0,127941,255,98451,0,FA,FKT,98451
2016,108980,0.0,1048,0,127795,150,101562,0,FA,FKT,101562
2016,107707,0.0,1056,0,112763,130,91377,0,FA,FKT,91377
2016,106585,0.0,1053,0,118802,171,91677,0,FA,FKT,91677
2016,118251,0.0,1138,0,131622,194,102655,0,FA,FKT,102655
2016,109399,0.0,1077,0,115485,51,90406,0,FA,FKT,90406
2016,113250,0.0,1082,0,119060,54,93736,0,FA,FKT,93736
2017,112822,0.0,1084,0,106483,0,85825,0,FA,FKT,85825
2017,107408,0.0,1031,0,105617,0,83535,0,FA,FKT,83535
2017,126094,0.0,1194,0,131823,0,105153,0,FA,FKT,105153
2002,2093602,887184.0,16535,1357,2120947,176671,1527419,597313,GA,FKT,2124732
2002,1999098,823130.0,15658,1301,1993739,172111,1434927,566487,GA,FKT,2001414
2002,2057104,783201.0,16038,1298,2159529,183952,1615439,579713,GA,FKT,2195152
2003,2068740,780766.0,16316,1301,1880538,169462,1409105,536961,GA,FKT,1946066
2003,1798127,633201.0,14080,1104,1776826,143114,1307159,431583,GA,FKT,1738742
2003,2021094,747995.0,15890,1250,2075385,165644,1520997,535741,GA,FKT,2056738
2003,1900306,725658.0,14675,1210,1898353,159452,1404156,497104,GA,FKT,1901260
2003,1952156,701256.0,15383,1180,2008588,175694,1518488,564532,GA,FKT,2083020
2003,2004486,734015.0,15677,1237,2120757,202051,1651085,636078,GA,FKT,2287163
2003,2055686,797592.0,15926,1306,2196106,203743,1740328,637971,GA,FKT,2378299
2003,2124666,818038.0,16347,1369,2133540,204476,1717332,652217,GA,FKT,2369549
2003,2034915,773789.0,15846,1295,1803820,169384,1411215,589098,GA,FKT,2000313
2003,2114708,775761.0,16688,1298,2100875,178709,1604412,575989,GA,FKT,2180401
2003,2038504,727172.0,15895,1233,1943096,174495,1505121,563673,GA,FKT,2068794
2003,2134769,757977.0,16645,1323,2038304,196546,1641379,618522,GA,FKT,2259901
2004,2159176,730456.0,16872,1287,1854578,173115,1486135,545226,GA,FKT,2031361
2004,2039448,671491.0,16176,1173,1889992,154015,1453585,467169,GA,FKT,1920754
2004,2263289,721169.0,17818,1251,2202753,191400,1726662,604580,GA,FKT,2331242
2004,2178725,793941.0,17204,1327,2109863,193399,1643700,619759,GA,FKT,2263459
2004,2247707,862927.0,17675,1417,2158365,216217,1700687,714821,GA,FKT,2415508
2004,2227212,877810.0,17409,1425,2267306,239187,1851878,778582,GA,FKT,2630460
2004,2297263,907501.0,17841,1474,2340447,237825,1958342,747219,GA,FKT,2705561
2004,2297674,898458.0,17867,1464,2162914,217865,1802321,695836,GA,FKT,2498157
2004,2118043,849621.0,16319,1366,1764264,191700,1459701,661112,GA,FKT,2120813
2004,2232453,795376.0,17757,1330,2148841,189056,1683544,609230,GA,FKT,2292774
2004,2156718,764234.0,16992,1275,2077357,185443,1640302,588163,GA,FKT,2228465
2004,2244714,869869.0,17475,1456,2137044,221837,1744602,700321,GA,FKT,2444923
2005,2158223,859518.0,16583,1454,1944858,203907,1596318,642591,GA,FKT,2238909
2005,2235216,751138.0,17417,1313,1967886,179816,1601946,548469,GA,FKT,2150415
2005,2487231,863563.0,19279,1522,2429137,228436,1986012,697903,GA,FKT,2683915
2005,2407816,850256.0,18568,1447,2248290,211016,1831145,669415,GA,FKT,2500560
2005,2455806,945309.0,19074,1550,2285079,238909,1892240,795283,GA,FKT,2687523
2005,2367749,958136.0,18020,1547,2289522,252962,1958719,831417,GA,FKT,2790136
2005,2435493,1020253.0,18224,1636,2357596,250408,2070478,812951,GA,FKT,2883429
2005,2430419,1021286.0,18347,1632,2205316,226362,1946079,755940,GA,FKT,2702019
2005,2091704,957000.0,15242,1530,1797317,213711,1557336,735956,GA,FKT,2293292
2005,2128745,921473.0,15786,1516,1874057,203081,1577923,670168,GA,FKT,2248091
2005,2019138,866854.0,14651,1444,1823238,201129,1555924,644649,GA,FKT,2200573
2005,2035029,994808.0,14525,1761,1850536,262801,1639889,786007,GA,FKT,2425896
2006,1966084,969163.0,14268,1737,1729729,224971,1512062,694151,GA,FKT,2206213
2006,1762856,847167.0,12808,1550,1613983,205201,1391812,614814,GA,FKT,2006626
2006,2046580,1028910.0,14575,1889,1967805,278025,1722690,837559,GA,FKT,2560249
2006,1928413,1079972.0,13626,1890,1728240,263705,1519646,825208,GA,FKT,2344854
2006,1888172,1196544.0,13393,1932,1720025,296646,1524521,1004797,GA,FKT,2529318
2006,1948298,1329994.0,13440,2139,1841085,355159,1704552,1184967,GA,FKT,2889519
2006,2022092,1403038.0,13755,2304,1893730,345564,1796104,1108029,GA,FKT,2904133
2006,2038288,1343034.0,13869,2195,1749431,303423,1662710,1010019,GA,FKT,2672729
2006,1880872,1181790.0,13185,1737,1574046,246128,1412621,915640,GA,FKT,2328261
2006,1962467,1153884.0,14099,1713,1819637,231702,1574804,829615,GA,FKT,2404419
2006,1899062,982710.0,13703,1717,1767836,242123,1517994,763350,GA,FKT,2281344
2006,1837100,1099590.0,13118,1985,1691096,307660,1483390,895189,GA,FKT,2378579
2007,1785564,1136313.0,12459,2011,1545016,273906,1384507,841058,GA,FKT,2225565
2007,1625482,1010018.0,11331,1810,1471619,249236,1296884,740694,GA,FKT,2037578
2007,1869673,1169297.0,13054,2071,1874053,320185,1619087,986993,GA,FKT,2606080
2007,1751215,1129757.0,12324,1929,1736638,276463,1496097,884097,GA,FKT,2380194
2007,1784628,1249393.0,12362,1967,1711255,307140,1520330,1051470,GA,FKT,2571800
2007,1893582,1417140.0,12744,2184,1832619,361342,1692364,1239660,GA,FKT,2932024
2007,1977526,1488072.0,13111,2305,1892886,360670,1789117,1202706,GA,FKT,2991823
2007,1975562,1449434.0,13203,2185,1846347,324207,1734577,1144215,GA,FKT,2878792
2007,1821724,1269051.0,12534,1752,1585198,267196,1447146,1029551,GA,FKT,2476697
2007,1930557,1232822.0,13648,1730,1807279,258330,1583888,963796,GA,FKT,2547684
2007,1871436,1130026.0,12968,1741,1687844,259762,1475302,891859,GA,FKT,2367161
2007,1840918,1254813.0,12513,1983,1619515,319824,1472611,1047011,GA,FKT,2519622
2008,1767393,1224830.0,11931,1942,1511668,281624,1390982,932405,GA,FKT,2323387
2008,1703403,1129348.0,11641,1812,1528877,262409,1375931,836996,GA,FKT,2212927
2008,1854887,1285488.0,12737,2049,1835484,330196,1622664,1068875,GA,FKT,2691539
2008,1734960,1288238.0,12059,1858,1679468,283677,1484469,1001043,GA,FKT,2485512
2008,1689939,1440857.0,11747,1957,1650768,327923,1480731,1225821,GA,FKT,2706552
2008,1824045,1560183.0,12372,2183,1776232,375644,1642757,1348565,GA,FKT,2991322
2008,1898891,1668447.0,12741,2403,1869945,377574,1729153,1312037,GA,FKT,3041190
2008,1846639,1618849.0,12572,2266,1780158,341823,1642836,1280752,GA,FKT,2923588
2008,1767489,1418753.0,12777,1786,1682227,278149,1490403,1127608,GA,FKT,2618011
2008,1858516,1351722.0,13818,1756,1896548,269194,1594124,1043713,GA,FKT,2637837
2008,1791266,1340573.0,13164,1797,1742072,266364,1468815,1002610,GA,FKT,2471425
2008,1780471,1471491.0,12574,2105,1733955,332437,1526426,1185023,GA,FKT,2711449
2009,1751624,1435732.0,12355,2085,1571233,290107,1395705,1054187,GA,FKT,2449892
2009,1557075,1246776.0,11054,1846,1425660,248332,1255278,836437,GA,FKT,2091715
2009,1719130,1391494.0,12097,2115,1639364,306528,1432631,1038184,GA,FKT,2470815
2009,1638232,1332635.0,12027,2018,1638436,290126,1398455,995844,GA,FKT,2394299
2009,1631065,1333082.0,12237,1962,1669861,299188,1428706,1093313,GA,FKT,2522019
2009,1709754,1438852.0,12181,2130,1702476,355765,1532751,1252071,GA,FKT,2784822
2009,1830108,1464158.0,12793,2201,1816526,352603,1663273,1220949,GA,FKT,2884222
2009,1807642,1381936.0,12853,1998,1750963,299653,1599067,1113925,GA,FKT,2712992
2009,1687034,1198161.0,12751,1579,1625454,247508,1405075,986348,GA,FKT,2391423
2009,1779041,1106271.0,13827,1568,1819868,241747,1517035,905090,GA,FKT,2422125
2009,1732434,975523.0,13454,1558,1693344,225518,1406442,762101,GA,FKT,2168543
2009,1704255,1117397.0,12538,1973,1600374,301111,1411915,934256,GA,FKT,2346171
2010,1730996,1220459.0,12413,2021,1505643,273170,1351166,923270,GA,FKT,2274436
2010,1546204,1069465.0,11065,1801,1415486,247029,1253961,789826,GA,FKT,2043787
2010,1835655,1245350.0,13291,2077,1846853,309809,1600629,988091,GA,FKT,2588720
2010,1846398,1187378.0,13954,1854,1881071,277214,1588348,952965,GA,FKT,2541313
2010,1898247,1335984.0,14368,1954,1927626,320797,1646295,1153094,GA,FKT,2799389
2010,1933442,1440464.0,14365,2177,1998602,370989,1742969,1286647,GA,FKT,3029616
2010,1996471,1512418.0,14570,2362,2034331,392023,1814850,1297276,GA,FKT,3112126
2010,2007404,1460970.0,15010,2149,1972228,332892,1746655,1198327,GA,FKT,2944982
2010,1943211,1238413.0,15312,1678,1894069,271036,1593330,1064300,GA,FKT,2657630
2010,1997172,1257132.0,15870,1728,2099013,271476,1708685,1026160,GA,FKT,2734845
2010,1881219,1160489.0,14971,1658,1934726,252693,1562146,908319,GA,FKT,2470465
2010,1867131,1241832.0,14509,1921,1845665,308896,1554176,1031653,GA,FKT,2585829
2011,1793038,1239154.0,13881,1987,1654095,271028,1410442,923196,GA,FKT,2333638
2011,1724337,1148245.0,13462,1903,1670653,251306,1392057,802870,GA,FKT,2194927
2011,2041019,1300531.0,15943,2249,2126775,314858,1744916,996579,GA,FKT,2741495
2011,1977615,1209499.0,16018,2026,2124011,288027,1687635,943910,GA,FKT,2631545
2011,2076081,1250971.0,16874,1982,2297956,313623,1833307,1067367,GA,FKT,2900674
2011,2071080,1414907.0,16515,2212,2247706,375804,1832757,1249669,GA,FKT,3082426
2011,2153691,1482681.0,17047,2382,2343945,398323,1940497,1266774,GA,FKT,3207271
2011,2099130,1399919.0,16942,2121,2238251,337721,1839368,1166149,GA,FKT,3005517
2011,1965909,1146960.0,16044,1681,2072619,263976,1662970,978747,GA,FKT,2641717
2011,2033747,1168366.0,16832,1741,2245376,260474,1752672,934974,GA,FKT,2687646
2011,1914791,1037725.0,15793,1600,2103245,244218,1646605,837292,GA,FKT,2483897
2011,1924057,1145457.0,15491,1888,1979928,306431,1608926,972535,GA,FKT,2581461
2012,1908290,1130229.0,15666,1942,1884119,268072,1530308,873264,GA,FKT,2403572
2012,1807173,1049490.0,14691,1891,1865390,252844,1488595,777159,GA,FKT,2265754
2012,2054784,1180414.0,16748,2201,2321187,316022,1816347,970053,GA,FKT,2786400
2012,1982731,1151071.0,16566,1982,2269762,284437,1739464,922745,GA,FKT,2662209
2012,2059837,1226436.0,17166,2048,2364217,329004,1822705,1078753,GA,FKT,2901458
2012,2115277,1290857.0,17159,2198,2402195,372244,1903409,1165891,GA,FKT,3069300
2012,2189563,1348630.0,17486,2268,2436776,375946,1965730,1159222,GA,FKT,3124952
2012,2168164,1303295.0,17717,2048,2390727,328132,1897594,1106181,GA,FKT,3003775
2012,2010130,1128988.0,16954,1711,2179879,277135,1672324,995629,GA,FKT,2667953
2012,2063373,1146515.0,17617,1778,2396416,280781,1790440,978178,GA,FKT,2768618
2012,1982427,993050.0,16716,1627,2261029,260328,1702942,859043,GA,FKT,2561985
2012,1943677,1084844.0,15827,1910,2078311,313895,1649393,956558,GA,FKT,2605951
2013,1930391,1055487.0,16313,1824,2014088,270210,1575858,862700,GA,FKT,2438558
2013,1770058,975729.0,15011,1735,1936256,254589,1483753,781420,GA,FKT,2265173
2013,2095803,1137454.0,17642,2085,2398066,319362,1820193,959544,GA,FKT,2779737
2013,2018609,1238228.0,17449,2031,2316565,298965,1731968,999609,GA,FKT,2731577
2013,2095973,1286007.0,18205,2098,2458424,345137,1830751,1155729,GA,FKT,2986480
2013,2137608,1362410.0,18138,2257,2455368,392708,1885674,1246963,GA,FKT,3132637
2013,2276168,1409677.0,18644,2360,2502898,394775,1989739,1226038,GA,FKT,3215777
2013,2255139,1337037.0,18796,2161,2465349,353335,1938632,1159620,GA,FKT,3098252
2013,2040430,1099140.0,17515,1751,2244351,277961,1706741,969344,GA,FKT,2676085
2013,2136199,1107902.0,18606,1763,2462463,280669,1816152,956994,GA,FKT,2773146
2013,2019160,1044127.0,17507,1818,2249490,281855,1668959,895412,GA,FKT,2564371
2013,2053848,1135621.0,17080,2055,2332440,337441,1821718,1020630,GA,FKT,2842348
2014,1898615,1095445.0,15949,2054,2040477,303351,1588838,922596,GA,FKT,2511434
2014,1721592,958988.0,14672,1843,1964097,271516,1492442,795381,GA,FKT,2287823
2014,2175830,1189074.0,18914,2272,2623956,345169,1949311,1026624,GA,FKT,2975935
2014,2109010,1184365.0,18742,2109,2573503,317338,1879109,993455,GA,FKT,2872564
2014,2194446,1294142.0,19540,2252,2728834,363812,1997845,1172484,GA,FKT,3170329
2014,2210991,1437103.0,19211,2470,2662006,415341,2003446,1284620,GA,FKT,3288066
2014,2352808,1496201.0,19975,2626,2777533,419022,2143020,1257523,GA,FKT,3400543
2014,2341711,1475044.0,19936,2511,2706045,393660,2083234,1248403,GA,FKT,3331637
2014,2157765,1236267.0,19270,1967,2510464,312699,1851744,1088938,GA,FKT,2940682
2014,2235807,1157464.0,20323,1925,2765055,297276,1975409,987007,GA,FKT,2962416
2014,2118100,1043867.0,19287,1919,2530886,282114,1822889,877707,GA,FKT,2700596
2014,2144497,1121893.0,18766,2182,2451087,343494,1867693,1002093,GA,FKT,2869786
2015,2059477,1148069.0,18476,2320,2295799,329232,1726561,954996,GA,FKT,2681557
2015,1865131,988701.0,16989,2001,2203542,288335,1618789,801437,GA,FKT,2420226
2015,2246011,1188024.0,20930,2407,2795889,349204,2021404,981173,GA,FKT,3002577
2015,2174349,1224041.0,20217,2343,2705027,338974,1942714,998095,GA,FKT,2940809
2015,2304381,1254196.0,20856,2357,2860357,371796,2095257,1110303,GA,FKT,3205560
2015,2328959,1382305.0,20755,2516,2827741,413020,2120297,1238626,GA,FKT,3358923
2015,2468719,1471043.0,21605,2661,2912741,426833,2227869,1259889,GA,FKT,3487758
2015,2465289,1423102.0,21664,2580,2838220,395569,2177787,1198491,GA,FKT,3376278
2015,2215461,1187101.0,20141,2045,2655206,315893,1939921,1032394,GA,FKT,2972315
2015,2302101,1118985.0,20984,2050,2903400,315561,2089679,970528,GA,FKT,3060207
2015,2187995,1028685.0,20198,2063,2740122,304079,1952919,876549,GA,FKT,2829468
2015,2175559,1110232.0,19242,2317,2556283,358673,1927224,979917,GA,FKT,2907141
2016,2098841,1118536.0,18929,2447,2413407,347781,1798924,930347,GA,FKT,2729271
2016,2044467,999314.0,18621,2223,2381128,314923,1749384,807321,GA,FKT,2556705
2016,2275312,1108911.0,20805,2348,2740984,356143,2012352,938318,GA,FKT,2950670
2016,2232813,1156352.0,20594,2377,2724455,344358,1972333,946957,GA,FKT,2919290
2016,2374010,1222699.0,21638,2433,2973323,383705,2151487,1077793,GA,FKT,3229280
2016,2378915,1281198.0,21415,2433,2847021,414901,2123156,1166015,GA,FKT,3289171
2016,2493453,1388354.0,21659,2615,2822355,436890,2180190,1214873,GA,FKT,3395063
2016,2447813,1319579.0,21390,2467,2668682,380351,2059938,1089224,GA,FKT,3149162
2016,2251519,1118449.0,20323,2015,2692054,312309,1964257,969246,GA,FKT,2933503
2016,2370322,1072438.0,21408,2051,2919739,307632,2100159,901500,GA,FKT,3001659
2016,2248445,905670.0,20412,1912,2797426,287407,2004047,786318,GA,FKT,2790365
2016,2229209,1050472.0,19367,2375,2601136,372156,1985102,946774,GA,FKT,2931876
2017,2128297,0.0,18908,0,2388094,0,1793896,0,GA,FKT,1793896
2017,1993263,0.0,17795,0,2334501,0,1713441,0,GA,FKT,1713441
2017,2338230,0.0,20885,0,2855971,0,2077381,0,GA,FKT,2077381
2002,55554,0.0,441,0,33834,0,33752,0,AA,FKT,33752
2002,42498,0.0,369,0,28828,0,27759,0,AA,FKT,27759
2002,43796,0.0,386,0,35944,60,35333,0,AA,FKT,35333
2003,45326,0.0,389,0,30168,21,29168,0,AA,FKT,29168
2003,40629,0.0,350,0,30095,0,28375,0,AA,FKT,28375
2003,42894,0.0,378,0,35668,6,33619,0,AA,FKT,33619
2003,43454,0.0,355,0,32757,0,31244,0,AA,FKT,31244
2003,41279,0.0,345,0,33224,44,31958,0,AA,FKT,31958
2003,45378,0.0,366,0,36247,85,36631,0,AA,FKT,36631
2003,49647,0.0,396,0,40025,159,40256,0,AA,FKT,40256
2003,48951,0.0,390,0,34384,147,33893,0,AA,FKT,33893
2003,44910,0.0,383,0,26155,39,24114,0,AA,FKT,24114
2003,45418,0.0,397,0,32140,91,29073,0,AA,FKT,29073
2003,42864,0.0,367,0,29181,0,27299,0,AA,FKT,27299
2003,44674,0.0,386,0,33072,0,32803,0,AA,FKT,32803
2004,45334,0.0,388,0,29313,0,28556,0,AA,FKT,28556
2004,37569,0.0,333,0,26367,0,24372,0,AA,FKT,24372
2004,37279,0.0,340,0,30653,0,27923,0,AA,FKT,27923
2004,36336,0.0,325,0,31928,52,28315,0,AA,FKT,28315
2004,35839,0.0,321,0,32059,46,29266,0,AA,FKT,29266
2004,36144,0.0,331,0,32884,10,29953,0,AA,FKT,29953
2004,35523,0.0,331,0,32099,64,29415,0,AA,FKT,29415
2004,36693,0.0,338,0,31917,105,28857,0,AA,FKT,28857
2004,35031,0.0,320,0,27231,11,24693,0,AA,FKT,24693
2004,38234,0.0,335,0,30624,0,27256,0,AA,FKT,27256
2004,35784,0.0,312,0,28633,0,25812,0,AA,FKT,25812
2004,37665,0.0,330,0,30967,0,29559,0,AA,FKT,29559
2005,28355,0.0,244,0,21196,0,19953,0,AA,FKT,19953
2005,26184,0.0,222,0,19563,0,18126,0,AA,FKT,18126
2005,30303,0.0,251,0,24086,0,22154,0,AA,FKT,22154
2005,29189,0.0,232,0,23922,0,21657,0,AA,FKT,21657
2005,27662,0.0,239,0,23667,88,22802,0,AA,FKT,22802
2005,23644,0.0,207,0,21826,62,20214,0,AA,FKT,20214
2005,23045,0.0,200,0,21742,27,20402,0,AA,FKT,20402
2005,23515,0.0,208,0,19647,32,18031,0,AA,FKT,18031
2005,22792,0.0,204,0,18740,32,16325,0,AA,FKT,16325
2005,24210,0.0,217,0,20714,43,18106,0,AA,FKT,18106
2005,22933,0.0,203,0,19717,24,17311,0,AA,FKT,17311
2005,22969,0.0,203,0,20035,36,18331,0,AA,FKT,18331
2006,23810,0.0,207,0,19436,12,17136,0,AA,FKT,17136
2006,21459,0.0,191,0,18427,0,16277,0,AA,FKT,16277
2006,23617,0.0,212,0,21218,0,18893,0,AA,FKT,18893
2006,24218,0.0,204,0,22480,0,19386,0,AA,FKT,19386
2006,24924,0.0,215,0,23425,63,20950,0,AA,FKT,20950
2006,24591,0.0,205,0,22981,25,20407,0,AA,FKT,20407
2006,25390,0.0,211,0,23410,0,21022,0,AA,FKT,21022
2006,25560,0.0,215,0,21895,0,19196,0,AA,FKT,19196
2006,22809,0.0,205,0,19142,0,16711,0,AA,FKT,16711
2006,23687,0.0,214,0,20760,0,18472,0,AA,FKT,18472
2006,27119,0.0,227,0,21569,0,20269,0,AA,FKT,20269
2006,23368,0.0,204,0,18880,0,17566,0,AA,FKT,17566
2007,27474,0.0,233,0,23359,0,21800,0,AA,FKT,21800
2007,23011,0.0,192,0,20036,0,18581,0,AA,FKT,18581
2007,24386,0.0,213,0,22354,35,19725,0,AA,FKT,19725
2007,23829,0.0,210,0,22271,133,19903,0,AA,FKT,19903
2007,26357,0.0,240,0,25483,138,22357,0,AA,FKT,22357
2007,23967,0.0,222,0,22629,170,20343,0,AA,FKT,20343
2007,24556,0.0,229,0,22241,247,20335,0,AA,FKT,20335
2007,31280,0.0,284,0,26227,314,24344,0,AA,FKT,24344
2007,24721,0.0,228,0,19454,194,17109,0,AA,FKT,17109
2007,25435,0.0,236,0,22214,158,19257,0,AA,FKT,19257
2007,24267,0.0,223,0,21356,148,18859,0,AA,FKT,18859
2007,24613,0.0,229,0,19496,95,18281,0,AA,FKT,18281
2008,24818,0.0,228,0,19367,148,17531,0,AA,FKT,17531
2008,22428,0.0,203,0,16870,198,15498,0,AA,FKT,15498
2008,25489,0.0,233,0,21737,262,19605,0,AA,FKT,19605
2008,24014,0.0,224,0,22528,305,19713,0,AA,FKT,19713
2008,24916,0.0,231,0,23312,252,21357,0,AA,FKT,21357
2008,24316,0.0,221,0,21823,108,20608,0,AA,FKT,20608
2008,24872,0.0,228,0,21853,161,20470,0,AA,FKT,20470
2008,24346,0.0,225,0,19019,179,17274,0,AA,FKT,17274
2008,24632,0.0,227,0,19561,166,17737,0,AA,FKT,17737
2008,25279,0.0,234,0,21231,183,18912,0,AA,FKT,18912
2008,8871,0.0,112,0,9821,122,6164,0,AA,FKT,6164
2008,8417,0.0,112,0,9427,44,5841,0,AA,FKT,5841
2009,8119,0.0,110,0,8551,0,5182,0,AA,FKT,5182
2009,7009,0.0,91,0,7294,0,4420,0,AA,FKT,4420
2009,7297,0.0,91,0,9225,0,5664,0,AA,FKT,5664
2009,7009,0.0,89,0,9659,0,5853,0,AA,FKT,5853
2009,6712,0.0,87,0,8723,0,5286,0,AA,FKT,5286
2009,6723,0.0,87,0,8562,0,5174,0,AA,FKT,5174
2009,7114,0.0,91,0,8985,0,5445,0,AA,FKT,5445
2009,6970,0.0,92,0,7367,0,4490,0,AA,FKT,4490
2009,7207,0.0,86,0,7216,0,4373,0,AA,FKT,4373
2009,7528,0.0,92,0,8212,0,4976,0,AA,FKT,4976
2009,7304,0.0,88,0,7772,0,4710,0,AA,FKT,4710
2009,7057,0.0,86,0,7652,0,4637,0,AA,FKT,4637
2010,5015,0.0,62,0,5928,0,3652,0,AA,FKT,3652
2010,4499,0.0,54,0,5329,0,3285,0,AA,FKT,3285
2010,5250,0.0,62,0,6556,0,3973,0,AA,FKT,3973
2010,5300,0.0,63,0,6834,0,4423,0,AA,FKT,4423
2010,4752,0.0,59,0,6613,0,4007,0,AA,FKT,4007
2010,2659,0.0,33,0,3531,0,2121,0,AA,FKT,2121
2010,2516,0.0,31,0,3323,0,2014,0,AA,FKT,2014
2010,2531,0.0,31,0,2884,0,1748,0,AA,FKT,1748
2010,2734,0.0,33,0,3031,0,1837,0,AA,FKT,1837
2010,2847,0.0,34,0,3419,0,2072,0,AA,FKT,2072
2010,5348,0.0,60,0,5582,0,3423,0,AA,FKT,3423
2010,5206,0.0,67,0,5872,0,3540,0,AA,FKT,3540
2011,4490,0.0,56,0,4828,0,2909,0,AA,FKT,2909
2011,3657,0.0,44,0,3266,0,2000,0,AA,FKT,2000
2011,3451,0.0,43,0,3541,0,2146,0,AA,FKT,2146
2011,3571,0.0,36,0,3915,0,2372,0,AA,FKT,2372
2011,4160,0.0,54,0,5560,0,3363,0,AA,FKT,3363
2011,5393,0.0,71,0,6621,0,3877,0,AA,FKT,3877
2011,5870,0.0,76,0,6939,0,4024,0,AA,FKT,4024
2011,5799,0.0,76,0,5922,0,3480,0,AA,FKT,3480
2011,2440,0.0,29,0,2447,0,1507,0,AA,FKT,1507
2011,2160,0.0,26,0,2338,0,1417,0,AA,FKT,1417
2011,2339,0.0,30,0,2772,0,1660,0,AA,FKT,1660
2011,2218,0.0,30,0,2482,0,1494,0,AA,FKT,1494
2012,8923,0.0,100,0,5784,0,3788,0,AA,FKT,3788
2012,9611,0.0,109,0,6983,0,4639,0,AA,FKT,4639
2012,4860,0.0,61,0,4961,0,3131,0,AA,FKT,3131
2012,11838,0.0,118,0,10896,0,9013,0,AA,FKT,9013
2012,15320,0.0,143,0,14893,1,12279,0,AA,FKT,12279
2012,11510,0.0,122,0,10436,0,8509,0,AA,FKT,8509
2012,7918,161.0,80,1,6999,0,5998,159,AA,FKT,6157
2012,10027,0.0,97,0,7736,9,6695,0,AA,FKT,6695
2012,11906,0.0,130,0,10258,2,8306,0,AA,FKT,8306
2012,14048,0.0,140,0,12641,18,10331,0,AA,FKT,10331
2012,7273,0.0,86,0,7363,0,5093,0,AA,FKT,5093
2012,4987,0.0,59,0,5330,0,3566,0,AA,FKT,3566
2013,5109,0.0,61,0,4806,1,3236,0,AA,FKT,3236
2013,4535,0.0,54,0,3957,2,2720,0,AA,FKT,2720
2013,4295,0.0,49,0,4048,0,2841,0,AA,FKT,2841
2013,3125,0.0,34,0,2766,0,1753,0,AA,FKT,1753
2013,2508,0.0,33,0,3287,0,2016,0,AA,FKT,2016
2013,4943,0.0,59,0,5474,0,3745,0,AA,FKT,3745
2013,5107,0.0,56,0,4696,0,3266,0,AA,FKT,3266
2013,4291,0.0,47,0,3656,0,2479,0,AA,FKT,2479
2013,2248,0.0,30,0,1972,3,1197,0,AA,FKT,1197
2013,2415,0.0,32,0,2083,0,1338,0,AA,FKT,1338
2013,2386,0.0,31,0,2121,0,1295,0,AA,FKT,1295
2013,3862,0.0,47,0,3683,13,2602,0,AA,FKT,2602
2014,2046,922.0,26,1,1769,2,1073,897,AA,FKT,1970
2014,2820,0.0,35,0,3455,0,2318,0,AA,FKT,2318
2014,4247,0.0,52,0,5520,0,3663,0,AA,FKT,3663
2014,19618,0.0,62,0,7873,0,16372,0,AA,FKT,16372
2014,20828,0.0,67,0,9509,0,19574,0,AA,FKT,19574
2014,20676,0.0,79,0,9393,0,16527,0,AA,FKT,16527
2014,19022,0.0,64,0,7844,0,15776,0,AA,FKT,15776
2014,18568,0.0,59,0,6938,0,14198,0,AA,FKT,14198
2014,19233,0.0,65,0,7006,0,13435,0,AA,FKT,13435
2014,25150,0.0,117,0,11674,2,18130,0,AA,FKT,18130
2014,31761,0.0,201,0,18959,7,22524,0,AA,FKT,22524
2014,32963,0.0,208,0,20484,2,24556,0,AA,FKT,24556
2015,26489,0.0,204,0,17511,0,17819,0,AA,FKT,17819
2015,27453,0.0,210,0,19683,13,19688,0,AA,FKT,19688
2015,43030,0.0,295,0,27665,14,30361,0,AA,FKT,30361
2015,47445,0.0,328,0,33365,14,35839,0,AA,FKT,35839
2015,51089,0.0,352,0,42092,3,44836,0,AA,FKT,44836
2015,51909,0.0,374,0,40518,0,41110,0,AA,FKT,41110
2015,44888,0.0,308,0,32319,4,36102,0,AA,FKT,36102
2015,47296,0.0,313,0,31765,2,34021,0,AA,FKT,34021
2015,48262,0.0,327,0,35891,5,36856,0,AA,FKT,36856
2015,54045,0.0,373,0,42523,0,43280,0,AA,FKT,43280
2015,49725,0.0,324,0,35680,2,38446,0,AA,FKT,38446
2015,46098,0.0,292,0,33292,0,36835,0,AA,FKT,36835
2016,30730,0.0,227,0,21576,0,21703,0,AA,FKT,21703
2016,39107,0.0,250,0,24094,0,25798,0,AA,FKT,25798
2016,67351,0.0,413,0,46576,0,47612,0,AA,FKT,47612
2016,62926,0.0,412,0,51760,0,49710,0,AA,FKT,49710
2016,78357,0.0,547,0,76432,0,70704,0,AA,FKT,70704
2016,81628,0.0,589,0,84748,0,76535,0,AA,FKT,76535
2016,78905,0.0,564,0,78100,0,71497,0,AA,FKT,71497
2016,81996,0.0,599,0,70693,0,62867,0,AA,FKT,62867
2016,78379,0.0,575,0,66456,3,59162,0,AA,FKT,59162
2016,68108,0.0,504,0,58651,0,53486,0,AA,FKT,53486
2016,61548,0.0,452,0,55321,4,48974,0,AA,FKT,48974
2016,57694,0.0,393,0,48643,0,47244,0,AA,FKT,47244
2017,38835,0.0,302,0,30889,0,26420,0,AA,FKT,26420
2017,40820,0.0,300,0,30225,0,26995,0,AA,FKT,26995
2017,57244,0.0,381,0,42374,0,43896,0,AA,FKT,43896
2002,746365,64371.0,2848,143,306382,13167,523188,43292,FA,NSA,566480
2002,698393,61241.0,2692,132,287725,11534,489197,38974,FA,NSA,528171
2002,707999,63805.0,2645,134,309845,14520,537032,46241,FA,NSA,583273
2003,681607,63304.0,2467,132,273077,11622,485689,41089,FA,NSA,526778
2003,594233,52664.0,2145,96,238492,8627,426122,31936,FA,NSA,458058
2003,704550,60085.0,2485,120,291673,12062,523994,40228,FA,NSA,564222
2003,679974,58998.0,2415,118,289406,11414,522829,39834,FA,NSA,562663
2003,704122,51386.0,2439,90,298530,11165,539575,40975,FA,NSA,580550
2003,712360,50445.0,2460,86,330996,12134,606327,45439,FA,NSA,651766
2003,760319,49929.0,2586,86,355582,12293,652162,42009,FA,NSA,694171
2003,759337,51814.0,2571,87,358821,13047,659979,47548,FA,NSA,707527
2003,713872,50187.0,2407,79,261785,10553,478317,43531,FA,NSA,521848
2003,733298,50594.0,2456,82,285784,10632,526969,40288,FA,NSA,567257
2003,716560,49326.0,2339,80,282927,10514,521679,41100,FA,NSA,562779
2003,749246,51644.0,2463,86,304890,11286,562717,42271,FA,NSA,604988
2004,753446,52735.0,2542,85,284717,9723,534828,39361,FA,NSA,574189
2004,717798,48866.0,2421,86,277892,9264,523147,32570,FA,NSA,555717
2004,786075,53475.0,2643,92,331519,12625,621247,45924,FA,NSA,667171
2004,776015,117310.0,2585,135,329290,19444,625367,86687,FA,NSA,712054
2004,764535,130179.0,2620,147,312156,24459,591883,112738,FA,NSA,704621
2004,804151,142121.0,2753,188,359853,29749,683289,124046,FA,NSA,807335
2004,840884,153327.0,2875,216,380427,30903,720907,120821,FA,NSA,841728
2004,843265,151001.0,2899,215,385145,31704,731194,121592,FA,NSA,852786
2004,730720,145379.0,2582,200,312784,26347,581989,109265,FA,NSA,691254
2004,773041,148278.0,2725,205,339115,26784,630049,106696,FA,NSA,736745
2004,765428,111795.0,2627,180,330782,22895,618929,82555,FA,NSA,701484
2004,799717,122836.0,2763,202,350513,28215,651735,97930,FA,NSA,749665
2005,754140,121559.0,2613,189,316463,25487,585024,92336,FA,NSA,677360
2005,673180,109160.0,2317,167,287548,22074,529946,80484,FA,NSA,610430
2005,763574,120721.0,2620,185,359427,29614,668783,102212,FA,NSA,770995
2005,734037,163052.0,2563,236,341265,31680,626932,121400,FA,NSA,748332
2005,768377,155937.0,2694,216,358414,32261,656082,132373,FA,NSA,788455
2005,786385,152500.0,2667,229,386135,35801,719987,133179,FA,NSA,853166
2005,833253,159988.0,2798,246,410349,37137,767210,132678,FA,NSA,899888
2005,813452,157485.0,2754,236,403097,37237,748551,134721,FA,NSA,883272
2005,757162,150774.0,2564,207,341054,29657,632596,119316,FA,NSA,751912
2005,762855,151055.0,2604,210,346211,28882,642705,108758,FA,NSA,751463
2005,735274,112560.0,2522,176,344431,24586,634273,85498,FA,NSA,719771
2005,756131,121491.0,2581,183,348423,27736,644010,97686,FA,NSA,741696
2006,753818,125868.0,2607,186,325003,27347,592298,95948,FA,NSA,688246
2006,667553,112357.0,2311,167,295629,24735,535358,86461,FA,NSA,621819
2006,759469,125541.0,2601,185,359757,30449,655392,108226,FA,NSA,763618
2006,764759,146748.0,2542,206,359575,31970,674439,117864,FA,NSA,792303
2006,793898,152415.0,2639,215,361390,33922,681712,130503,FA,NSA,812215
2006,780001,145915.0,2574,206,378222,36054,714474,136167,FA,NSA,850641
2006,809483,153294.0,2662,215,396167,35754,746800,132148,FA,NSA,878948
2006,807348,151048.0,2660,214,385416,33625,729487,124710,FA,NSA,854197
2006,763218,146778.0,2498,203,325335,28390,614496,114655,FA,NSA,729151
2006,788943,148486.0,2585,212,345171,29600,652043,109156,FA,NSA,761199
2006,766549,107698.0,2497,178,348192,27408,649800,93162,FA,NSA,742962
2006,800792,122779.0,2605,202,364722,31439,680402,106217,FA,NSA,786619
2007,789712,129482.0,2585,216,330243,29511,611062,102629,FA,NSA,713691
2007,699378,115589.0,2298,194,304374,26070,560967,90615,FA,NSA,651582
2007,787447,138520.0,2589,223,372267,36303,685103,124793,FA,NSA,809896
2007,773359,163667.0,2505,238,369693,37037,683112,135661,FA,NSA,818773
2007,793746,153825.0,2579,216,366730,34720,681586,132487,FA,NSA,814073
2007,772429,149732.0,2514,209,385154,36584,715842,136933,FA,NSA,852775
2007,809241,152397.0,2636,214,400870,35998,743638,129538,FA,NSA,873176
2007,811687,152535.0,2636,215,396627,36586,736283,131110,FA,NSA,867393
2007,754883,140587.0,2467,191,328334,30188,605584,117823,FA,NSA,723407
2007,791916,145242.0,2584,197,352819,30253,651725,114296,FA,NSA,766021
2007,769460,115823.0,2477,189,346107,29650,640126,99147,FA,NSA,739273
2007,783838,129290.0,2513,215,347203,33727,643596,110230,FA,NSA,753826
2008,780981,127525.0,2517,198,328494,27864,607142,95735,FA,NSA,702877
2008,705261,115680.0,2281,178,305042,25473,564108,87680,FA,NSA,651788
2008,743655,126223.0,2391,206,351466,34554,649421,111789,FA,NSA,761210
2008,734006,138442.0,2375,196,343433,29831,642934,107895,FA,NSA,750829
2008,763233,150192.0,2510,212,363895,34222,673279,125742,FA,NSA,799021
2008,727207,151023.0,2431,210,362684,35897,666198,132257,FA,NSA,798455
2008,757403,153009.0,2495,214,369678,34076,684265,117833,FA,NSA,802098
2008,774008,152753.0,2537,211,377204,35203,702540,128705,FA,NSA,831245
2008,649100,150093.0,2203,202,298423,28484,542456,112154,FA,NSA,654610
2008,678366,145089.0,2269,208,315174,30333,572365,109724,FA,NSA,682089
2008,656938,110203.0,2223,176,302724,26616,543541,89635,FA,NSA,633176
2008,686639,111760.0,2343,177,323716,27035,582380,90476,FA,NSA,672856
2009,686964,113900.0,2340,182,298047,23108,540814,82535,FA,NSA,623349
2009,621120,96247.0,2109,143,275189,18740,497317,65839,FA,NSA,563156
2009,691899,114425.0,2336,185,332439,27347,598490,93117,FA,NSA,691607
2009,696543,110556.0,2282,179,337031,26580,614003,90002,FA,NSA,704005
2009,723826,111983.0,2350,166,338895,23889,623270,90128,FA,NSA,713398
2009,694398,107297.0,2293,152,353914,26633,645602,98107,FA,NSA,743709
2009,722504,109151.0,2383,153,369260,24896,668332,89212,FA,NSA,757544
2009,719460,108480.0,2384,157,365358,24457,662016,86268,FA,NSA,748284
2009,658574,107646.0,2211,164,307795,25075,559621,87957,FA,NSA,647578
2009,683698,114095.0,2290,185,328450,28408,592230,94774,FA,NSA,687004
2009,666390,111157.0,2215,180,304884,27186,546848,90070,FA,NSA,636918
2009,706661,112310.0,2326,183,323921,26796,586132,90177,FA,NSA,676309
2010,710894,113852.0,2342,177,302374,23090,546109,83521,FA,NSA,629630
2010,626555,100462.0,2089,158,264511,21289,478340,72205,FA,NSA,550545
2010,717192,113664.0,2386,175,336728,27933,610129,95223,FA,NSA,705352
2010,709503,100982.0,2328,171,339685,24780,614428,79745,FA,NSA,694173
2010,730613,114572.0,2381,185,341340,28815,620038,98843,FA,NSA,718881
2010,711838,111301.0,2360,179,360034,30331,658289,102402,FA,NSA,760691
2010,738759,111688.0,2489,183,370883,29299,674071,94102,FA,NSA,768173
2010,725174,113924.0,2431,178,372092,28293,669426,94594,FA,NSA,764020
2010,674268,106245.0,2211,149,312138,22478,564620,84485,FA,NSA,649105
2010,697732,114048.0,2287,185,333261,28108,600486,93932,FA,NSA,694418
2010,672319,110263.0,2195,167,311742,26094,562452,90388,FA,NSA,652840
2010,682592,105953.0,2281,151,321343,22759,580470,80004,FA,NSA,660474
2011,682565,108592.0,2290,153,297302,21097,538467,77066,FA,NSA,615533
2011,613590,99904.0,2049,138,270114,19809,486773,72397,FA,NSA,559170
2011,700338,108642.0,2345,153,331397,22964,593660,81026,FA,NSA,674686
2011,701805,153356.0,2332,202,341234,31664,609938,121524,FA,NSA,731462
2011,723627,160977.0,2403,209,353334,34311,634787,139414,FA,NSA,774201
2011,717579,159053.0,2435,207,366372,36247,655153,142346,FA,NSA,797499
2011,741218,163816.0,2535,216,380451,35045,677743,131033,FA,NSA,808776
2011,729461,158066.0,2507,197,378718,31814,667043,122955,FA,NSA,789998
2011,691672,138708.0,2383,147,338088,24257,598847,104769,FA,NSA,703616
2011,709798,150833.0,2451,178,352155,29697,623588,121125,FA,NSA,744713
2011,664414,129789.0,2302,150,330452,23589,584481,101265,FA,NSA,685746
2011,687383,133195.0,2339,146,333372,23820,592107,107320,FA,NSA,699427
2012,699394,135229.0,2387,143,329652,22339,587286,103294,FA,NSA,690580
2012,680288,132921.0,2289,141,315240,21570,558181,98948,FA,NSA,657129
2012,743457,146427.0,2481,155,369824,25939,656109,117541,FA,NSA,773650
2012,732261,143898.0,2410,169,359268,27168,633422,118175,FA,NSA,751597
2012,761815,149791.0,2503,175,374918,30681,665935,136603,FA,NSA,802538
2012,736477,144206.0,2440,170,379291,31810,678390,135170,FA,NSA,813560
2012,797018,161487.0,2662,208,400393,33901,722351,132634,FA,NSA,854985
2012,790487,160876.0,2652,203,405094,35161,724102,141362,FA,NSA,865464
2012,716832,153713.0,2388,187,340102,27885,603138,119129,FA,NSA,722267
2012,730678,160716.0,2468,205,349364,31435,620331,133744,FA,NSA,754075
2012,716055,147339.0,2377,184,343337,27501,610369,121747,FA,NSA,732116
2012,737662,148291.0,2470,177,351135,27416,628662,120553,FA,NSA,749215
2013,706719,134168.0,2428,143,330970,21823,589358,105021,FA,NSA,694379
2013,641718,121268.0,2211,138,300204,20979,533011,96008,FA,NSA,629019
2013,730352,149447.0,2494,178,369653,29700,659512,130237,FA,NSA,789749
2013,717997,154462.0,2471,203,358333,30313,638813,124026,FA,NSA,762839
2013,746472,160349.0,2571,212,368244,34320,660858,143979,FA,NSA,804837
2013,757725,163206.0,2589,227,387585,38669,703180,150433,FA,NSA,853613
2013,793707,175790.0,2702,247,394847,40201,719880,148502,FA,NSA,868382
2013,790462,172850.0,2709,236,399255,40175,718808,155151,FA,NSA,873959
2013,715122,160146.0,2511,179,329756,28424,583339,125841,FA,NSA,709180
2013,751903,168922.0,2630,202,356248,32755,630320,142453,FA,NSA,772773
2013,729709,157650.0,2526,187,333723,28151,594285,123938,FA,NSA,718223
2013,777595,176771.0,2652,191,371368,32111,669628,143157,FA,NSA,812785
2014,721420,193370.0,2552,177,338412,29510,594979,150032,FA,NSA,745011
2014,653716,172103.0,2342,171,307162,26554,535077,128160,FA,NSA,663237
2014,756012,201405.0,2693,209,377665,35849,665559,165282,FA,NSA,830841
2014,732496,198925.0,2634,199,362783,33198,639183,153650,FA,NSA,792833
2014,759327,215296.0,2756,232,371444,41124,656168,187273,FA,NSA,843441
2014,754963,210669.0,2770,254,383138,44388,683391,185572,FA,NSA,868963
2014,785427,220597.0,2872,278,394954,43546,701376,175577,FA,NSA,876953
2014,752675,218304.0,2784,261,385818,45388,675325,188947,FA,NSA,864272
2014,681288,204069.0,2578,197,321107,32139,554806,156715,FA,NSA,711521
2014,710595,208279.0,2690,188,345179,32682,595575,169171,FA,NSA,764746
2014,693167,193684.0,2587,182,331746,29471,572385,143299,FA,NSA,715684
2014,754685,200982.0,2730,207,355329,33981,623456,155427,FA,NSA,778883
2015,687546,206654.0,2593,191,319270,31221,549379,161253,FA,NSA,710632
2015,613263,179758.0,2314,170,296403,28168,508999,139128,FA,NSA,648127
2015,749526,212826.0,2774,217,376712,37844,654317,179466,FA,NSA,833783
2015,732652,252019.0,2673,239,358375,39958,621143,189758,FA,NSA,810901
2015,742878,257952.0,2700,243,359420,44600,627426,213050,FA,NSA,840476
2015,748183,260423.0,2684,290,386442,54869,682340,237681,FA,NSA,920021
2015,984308,269019.0,3546,304,512583,54851,890624,222202,FA,NSA,1112826
2015,967227,279291.0,3498,319,501759,60646,866980,249782,FA,NSA,1116762
2015,857017,269103.0,3187,312,424334,54768,732925,223893,FA,NSA,956818
2015,888654,275217.0,3282,329,452106,60073,774962,239871,FA,NSA,1014833
2015,866281,251800.0,3147,317,433225,51634,741945,199219,FA,NSA,941164
2015,931937,303384.0,3349,355,457983,58849,797644,229398,FA,NSA,1027042
2016,851591,328023.0,3126,369,413080,58085,707554,262048,FA,NSA,969602
2016,813657,341454.0,2999,355,387970,54537,668736,249489,FA,NSA,918225
2016,936272,383956.0,3406,407,477275,68025,827721,291865,FA,NSA,1119586
2016,907913,372563.0,3266,398,448663,63215,783585,276988,FA,NSA,1060573
2016,937131,385289.0,3343,404,466777,65997,825989,290506,FA,NSA,1116495
2016,1088673,393068.0,3944,426,574533,79273,1001033,336371,FA,NSA,1337404
2016,1134208,435836.0,4069,465,584850,82641,1019523,360951,FA,NSA,1380474
2016,1077730,424159.0,3863,439,547049,77782,956308,347615,FA,NSA,1303923
2016,876072,443469.0,3201,390,446724,72052,776378,355826,FA,NSA,1132204
2016,917243,473544.0,3325,409,463492,79856,807366,408679,FA,NSA,1216045
2016,891660,427131.0,3178,395,444777,68915,780047,343328,FA,NSA,1123375
2016,968373,487054.0,3383,459,453673,81510,811955,389228,FA,NSA,1201183
2017,904987,0.0,3116,0,407286,0,736444,0,FA,NSA,736444
2017,796169,0.0,2737,0,356871,0,641756,0,FA,NSA,641756
2017,917308,0.0,3129,0,449426,0,802943,0,FA,NSA,802943
2002,404513,14979.0,1085,62,157868,5785,293977,8367,GA,NSA,302344
2002,391981,14574.0,1047,60,150065,6034,271498,8644,GA,NSA,280142
2002,399919,14967.0,1083,62,168651,7525,315874,11567,GA,NSA,327441
2003,397156,14821.0,1083,62,152462,5312,286738,8496,GA,NSA,295234
2003,346999,13378.0,954,56,131201,4105,244617,6135,GA,NSA,250752
2003,380170,14522.0,993,61,139518,5306,270609,7704,GA,NSA,278313
2003,372043,14315.0,1001,60,135804,6060,263749,8985,GA,NSA,272734
2003,359574,14785.0,1023,62,145472,6437,280286,9389,GA,NSA,289675
2003,376192,14331.0,1076,60,177499,6877,340347,10301,GA,NSA,350648
2003,406599,14788.0,1146,62,191455,8787,369629,12734,GA,NSA,382363
2003,430849,14757.0,1177,62,200038,8273,376029,11875,GA,NSA,387904
2003,438505,14301.0,1186,60,146412,5585,274746,7973,GA,NSA,282719
2003,465561,14487.0,1252,61,170619,6511,324424,9271,GA,NSA,333695
2003,427227,14315.0,1177,60,159268,7515,292189,10853,GA,NSA,303042
2003,432069,14786.0,1218,62,177135,8430,329156,12499,GA,NSA,341655
2004,402778,14488.0,1136,61,154735,6043,283772,8393,GA,NSA,292165
2004,377273,11281.0,1064,49,144870,4072,264343,5770,GA,NSA,270113
2004,461217,12235.0,1235,53,183355,4615,357701,6523,GA,NSA,364224
2004,456791,14306.0,1205,60,183549,6586,359206,9857,GA,NSA,369063
2004,471264,14782.0,1238,62,179567,7406,351965,10715,GA,NSA,362680
2004,452369,14310.0,1194,60,200621,8559,396430,12046,GA,NSA,408476
2004,462767,14550.0,1228,61,211263,9579,416646,13520,GA,NSA,430166
2004,460780,14850.0,1225,62,208067,8921,400561,12426,GA,NSA,412987
2004,406964,14403.0,1096,60,158329,5792,302573,7779,GA,NSA,310352
2004,450525,14874.0,1207,62,176136,5750,346016,7819,GA,NSA,353835
2004,440564,14408.0,1167,60,175162,6263,335658,8709,GA,NSA,344367
2004,452098,15108.0,1200,63,180942,8720,342791,12762,GA,NSA,355553
2005,451995,14599.0,1194,61,170816,7665,320239,10903,GA,NSA,331142
2005,389333,5489.0,965,28,144047,2672,284811,3554,GA,NSA,288365
2005,429692,6078.0,1068,31,183317,3696,367402,4882,GA,NSA,372284
2005,418458,5882.0,1039,30,169839,3035,336446,3950,GA,NSA,340396
2005,466061,6078.0,1105,31,177305,3252,363365,4248,GA,NSA,367613
2005,457732,5882.0,1071,30,194150,3037,399208,4297,GA,NSA,403505
2005,481762,6078.0,1115,31,214456,4117,437944,5749,GA,NSA,443693
2005,472368,6078.0,1106,31,210196,3519,424231,4829,GA,NSA,429060
2005,463731,5868.0,1118,30,162574,2149,329809,3172,GA,NSA,332981
2005,481659,6064.0,1155,31,166444,3043,339631,4175,GA,NSA,343806
2005,446299,5880.0,1081,30,166706,3309,335058,4620,GA,NSA,339678
2005,442439,6066.0,1055,31,167610,4141,335945,5127,GA,NSA,341072
2006,396321,5097.0,962,26,144256,2844,278619,3499,GA,NSA,282118
2006,343767,3137.0,850,16,130727,1918,253743,2141,GA,NSA,255884
2006,449270,6078.0,1084,31,181643,3195,361187,3743,GA,NSA,364930
2006,433720,6573.0,1069,33,172603,4091,346173,5018,GA,NSA,351191
2006,444161,7000.0,1135,35,160487,3386,315136,4165,GA,NSA,319301
2006,473085,8385.0,1189,38,199352,4495,402302,6075,GA,NSA,408377
2006,493247,10660.0,1213,41,213011,7161,429474,9634,GA,NSA,439108
2006,486599,10007.0,1219,39,209113,5777,421206,7151,GA,NSA,428357
2006,430735,9223.0,1095,40,152849,3900,306763,4330,GA,NSA,311093
2006,450988,8538.0,1144,39,170926,4860,343886,5511,GA,NSA,349397
2006,429807,8277.0,1093,37,168950,5741,336973,6726,GA,NSA,343699
2006,452232,28141.0,1152,109,176534,16053,355192,24741,GA,NSA,379933
2007,416842,39970.0,1098,151,150667,14760,292875,22273,GA,NSA,315148
2007,366895,34224.0,975,126,139256,12106,272709,18620,GA,NSA,291329
2007,439207,33994.0,1141,126,186792,14433,372783,23549,GA,NSA,396332
2007,412178,31151.0,1111,115,177578,13607,351966,20722,GA,NSA,372688
2007,409974,25196.0,1115,99,169634,12046,338167,17384,GA,NSA,355551
2007,455328,35402.0,1263,136,206111,18321,412059,28517,GA,NSA,440576
2007,491381,41753.0,1356,157,222675,23132,442844,36914,GA,NSA,479758
2007,482010,36379.0,1329,138,218708,19334,433278,29243,GA,NSA,462521
2007,436286,20034.0,1194,83,164986,9298,335461,12022,GA,NSA,347483
2007,455068,18654.0,1240,80,180257,9593,364195,12480,GA,NSA,376675
2007,456009,25315.0,1233,99,179147,13977,358532,20895,GA,NSA,379427
2007,459799,32860.0,1239,127,181780,19484,364216,30380,GA,NSA,394596
2008,407742,26727.0,1111,104,153492,13648,306428,20657,GA,NSA,327085
2008,358011,24015.0,978,89,135804,10370,271187,15670,GA,NSA,286857
2008,401651,32309.0,1100,120,172940,16509,347943,26225,GA,NSA,374168
2008,376543,24611.0,1020,90,160064,12124,326117,18580,GA,NSA,344697
2008,351418,24761.0,968,92,151302,13695,308748,19850,GA,NSA,328598
2008,425974,30510.0,1125,105,189740,17660,390807,27270,GA,NSA,418077
2008,445912,32048.0,1148,110,199851,18800,408949,29063,GA,NSA,438012
2008,420556,22427.0,1089,79,189540,13269,384890,18345,GA,NSA,403235
2008,355837,6723.0,933,30,150026,5013,303881,5233,GA,NSA,309114
2008,375537,9406.0,996,44,160830,6439,324394,6955,GA,NSA,331349
2008,368795,12390.0,982,52,156972,7486,312944,9106,GA,NSA,322050
2008,389302,23630.0,1027,87,171996,13674,343489,20892,GA,NSA,364381
2009,364834,18397.0,972,66,145251,8769,287875,12977,GA,NSA,300852
2009,320399,17691.0,871,61,129653,7849,257361,12222,GA,NSA,269583
2009,392190,18742.0,1029,58,166141,8330,332785,13752,GA,NSA,346537
2009,371753,15561.0,982,47,163342,7701,330543,12920,GA,NSA,343463
2009,364013,14045.0,982,46,160515,5657,328602,8730,GA,NSA,337332
2009,371844,16868.0,1013,60,176099,10553,354309,15100,GA,NSA,369409
2009,404125,99752.0,1119,108,191155,21746,378609,89066,GA,NSA,467675
2009,388735,86963.0,1089,89,185304,15855,363304,60931,GA,NSA,424235
2009,343822,62562.0,917,50,150309,8991,307185,46638,GA,NSA,353823
2009,366479,66699.0,967,56,159315,11629,326172,58810,GA,NSA,384982
2009,350393,76395.0,933,68,147522,12199,297067,57676,GA,NSA,354743
2009,368809,97166.0,973,113,156010,20647,313340,84118,GA,NSA,397458
2010,514585,167932.0,1526,130,214965,28157,408368,147735,GA,NSA,556103
2010,458475,149888.0,1392,108,198126,22362,373616,121170,GA,NSA,494786
2010,563372,145897.0,1668,104,261785,23435,498306,114790,GA,NSA,613096
2010,554875,140127.0,1557,98,250343,21230,493298,108549,GA,NSA,601847
2010,569975,146510.0,1555,97,248957,22109,492764,116254,GA,NSA,609018
2010,598457,119582.0,1689,116,289606,23807,562549,106974,GA,NSA,669523
2010,630367,127279.0,1794,134,299238,28316,580832,120934,GA,NSA,701766
2010,617716,127464.0,1765,132,298705,25495,578388,108239,GA,NSA,686627
2010,563310,111241.0,1622,83,245992,18071,481984,95853,GA,NSA,577837
2010,583440,117181.0,1689,84,258474,19790,502379,108503,GA,NSA,610882
2010,544141,138208.0,1577,96,239949,22520,462537,116121,GA,NSA,578658
2010,558840,149367.0,1627,124,250484,27836,479507,131337,GA,NSA,610844
2011,564944,151025.0,1631,134,233669,27095,450140,132710,GA,NSA,582850
2011,520251,162537.0,1521,141,218321,25438,422025,128488,GA,NSA,550513
2011,597260,193298.0,1787,177,274067,31053,526250,136282,GA,NSA,662532
2011,547070,124773.0,1601,128,250797,23289,489331,103148,GA,NSA,592479
2011,562395,147678.0,1629,128,258624,26078,506661,124087,GA,NSA,630748
2011,589235,171564.0,1683,156,278558,29790,541868,141086,GA,NSA,682954
2011,620443,177550.0,1734,164,291266,32633,569387,152605,GA,NSA,721992
2011,605519,177645.0,1693,162,291505,29860,566521,146480,GA,NSA,713001
2011,564344,160011.0,1600,130,253222,22869,500504,127693,GA,NSA,628197
2011,590302,167062.0,1652,130,261814,23146,521237,131021,GA,NSA,652258
2011,572695,153664.0,1569,130,251128,23058,505682,118771,GA,NSA,624453
2011,555369,164131.0,1495,172,241400,31423,489549,140391,GA,NSA,629940
2012,537691,158668.0,1473,141,226250,25869,462849,132774,GA,NSA,595623
2012,507870,146874.0,1387,120,210342,22060,433386,119464,GA,NSA,552850
2012,588562,166510.0,1642,152,264918,28931,535119,135803,GA,NSA,670922
2012,561576,172442.0,1595,140,255511,24392,507746,119423,GA,NSA,627169
2012,580084,179407.0,1639,127,258742,25952,516873,141043,GA,NSA,657916
2012,606124,166620.0,1696,150,283161,30781,564402,148568,GA,NSA,712970
2012,627049,166401.0,1759,161,289760,33419,574589,152998,GA,NSA,727587
2012,629950,169100.0,1786,163,296418,30859,584134,141530,GA,NSA,725664
2012,565770,154668.0,1615,121,239247,25284,472028,136528,GA,NSA,608556
2012,585996,161574.0,1661,127,259754,24953,514428,136818,GA,NSA,651246
2012,571629,158227.0,1588,130,253661,24552,502815,127989,GA,NSA,630804
2012,555231,172858.0,1516,179,243032,33112,486791,148949,GA,NSA,635740
2013,533737,161612.0,1587,141,236745,25645,457931,135317,GA,NSA,593248
2013,485658,143600.0,1414,113,213613,21707,412913,123006,GA,NSA,535919
2013,605698,163285.0,1796,134,284952,27294,546994,143146,GA,NSA,690140
2013,592145,152827.0,1737,128,278121,22445,531700,116811,GA,NSA,648511
2013,613471,156883.0,1809,128,288365,24971,546824,134410,GA,NSA,681234
2013,633241,155425.0,1907,141,316286,29186,587565,141295,GA,NSA,728860
2013,673123,190735.0,2086,252,330667,44875,607140,168901,GA,NSA,776041
2013,676732,189989.0,2103,253,335049,41576,614212,160803,GA,NSA,775015
2013,576021,176038.0,1743,209,263137,33660,490330,146597,GA,NSA,636927
2013,602415,176057.0,1837,210,276648,34206,516257,150275,GA,NSA,666532
2013,574818,175302.0,1706,217,248055,36703,465257,152501,GA,NSA,617758
2013,605390,184232.0,1810,235,281912,42539,531868,168300,GA,NSA,700168
2014,576143,208092.0,1695,256,260269,45249,497499,180941,GA,NSA,678440
2014,508976,188200.0,1470,231,228118,39694,439152,163115,GA,NSA,602267
2014,630674,219861.0,1766,263,296747,45846,570275,189165,GA,NSA,759440
2014,640183,205898.0,1795,224,299396,38284,578993,157487,GA,NSA,736480
2014,672000,213022.0,1855,231,304437,41305,598575,178548,GA,NSA,777123
2014,677054,208253.0,1906,240,324467,46045,624605,179986,GA,NSA,804591
2014,705475,239209.0,1972,320,333957,56171,643249,205934,GA,NSA,849183
2014,716852,239116.0,2030,321,337992,51936,645111,199072,GA,NSA,844183
2014,668696,225274.0,1900,295,291182,46223,564812,180218,GA,NSA,745030
2014,694120,224319.0,1985,311,310932,48097,604080,185717,GA,NSA,789797
2014,642431,246150.0,1860,336,282043,52378,545309,198190,GA,NSA,743499
2014,649239,272779.0,1887,414,296149,68464,572209,237917,GA,NSA,810126
2015,625218,285698.0,1823,457,269241,63325,513455,225819,GA,NSA,739274
2015,567549,237799.0,1623,365,254813,51688,488666,190923,GA,NSA,679589
2015,708019,268875.0,2091,412,340332,62593,639496,223598,GA,NSA,863094
2015,687734,248505.0,1990,354,319652,51244,601815,184661,GA,NSA,786476
2015,726128,263867.0,2126,362,338719,56368,638070,212035,GA,NSA,850105
2015,755958,270238.0,2474,403,396026,68867,699207,237811,GA,NSA,937018
2015,800228,324967.0,2659,445,413335,77834,727727,281516,GA,NSA,1009243
2015,813808,333649.0,2722,423,413862,72256,721421,285576,GA,NSA,1006997
2015,698318,299011.0,2506,340,349416,58268,605295,242697,GA,NSA,847992
2015,727316,281248.0,2649,328,372976,59186,642244,245287,GA,NSA,887531
2015,694619,257389.0,2636,311,352297,53969,599253,212937,GA,NSA,812190
2015,692310,298615.0,2535,386,348428,69870,599605,264692,GA,NSA,864297
2016,671875,299857.0,2618,390,335674,65159,562677,254740,GA,NSA,817417
2016,641909,271663.0,2518,338,319142,56348,532855,233992,GA,NSA,766847
2016,759179,292141.0,2970,361,403692,64777,676554,251056,GA,NSA,927610
2016,773380,282417.0,3071,348,406396,56324,670860,216940,GA,NSA,887800
2016,817048,274209.0,3174,326,428155,58633,714696,233872,GA,NSA,948568
2016,849431,284097.0,3323,346,473972,67496,778380,257109,GA,NSA,1035489
2016,898965,294894.0,3462,361,491635,68450,804899,263600,GA,NSA,1068499
2016,872330,282772.0,3381,345,461432,60706,758816,244837,GA,NSA,1003653
2016,730868,260606.0,2842,296,388290,55046,649934,229890,GA,NSA,879824
2016,740289,261898.0,2888,297,395805,56619,662672,234622,GA,NSA,897294
2016,681631,218149.0,2629,260,365484,48635,610879,190207,GA,NSA,801086
2016,718751,263533.0,2714,367,375791,66516,639189,234504,GA,NSA,873693
2017,661694,0.0,2326,0,320928,0,558906,0,GA,NSA,558906
2017,613007,0.0,2158,0,298584,0,522787,0,GA,NSA,522787
2017,765187,0.0,2666,0,391799,0,691275,0,GA,NSA,691275
2002,833788,274514.0,3257,248,344439,48353,560011,239867,AA,NSA,799878
2002,776764,266952.0,3018,239,332760,47199,523299,222103,AA,NSA,745402
2002,834240,280750.0,3219,258,394772,51693,630767,240815,AA,NSA,871582
2003,814392,280727.0,3159,261,351436,51244,562675,244018,AA,NSA,806693
2003,712123,244192.0,2788,222,307248,43568,494869,207809,AA,NSA,702678
2003,809949,265936.0,3163,244,360295,42447,588826,194981,AA,NSA,783807
2003,735914,196870.0,2918,185,342323,29373,556939,137506,AA,NSA,694445
2003,741439,200609.0,2997,185,350501,35614,564396,169184,AA,NSA,733580
2003,748545,196591.0,2981,186,374409,37816,623043,172906,AA,NSA,795949
2003,814365,203123.0,3176,194,396722,39519,656010,182561,AA,NSA,838571
2003,784996,204052.0,3102,196,395401,38606,649671,171051,AA,NSA,820722
2003,708246,195734.0,2880,180,294159,33516,469027,159108,AA,NSA,628135
2003,736448,214899.0,2980,186,316958,36398,509835,181844,AA,NSA,691679
2003,730808,207884.0,2897,188,323008,39050,512131,184766,AA,NSA,696897
2003,787444,217833.0,3117,198,366998,40343,594983,189114,AA,NSA,784097
2004,785966,219484.0,3043,199,326983,39768,528386,189928,AA,NSA,718314
2004,730063,198279.0,2854,174,322835,33819,518090,166090,AA,NSA,684180
2004,802636,211727.0,3122,186,383143,37999,616424,180582,AA,NSA,797006
2004,799635,207830.0,3097,180,397745,34601,643115,161305,AA,NSA,804420
2004,786935,214908.0,3153,186,388540,37582,619545,179900,AA,NSA,799445
2004,803698,205562.0,3228,178,422536,40479,688918,186699,AA,NSA,875617
2004,828395,214781.0,3353,186,438084,41668,711898,190636,AA,NSA,902534
2004,831113,212333.0,3373,185,442094,40914,715791,181902,AA,NSA,897693
2004,731527,205476.0,3070,180,345831,35627,546608,166478,AA,NSA,713086
2004,752844,207053.0,3137,184,364917,37440,577695,178169,AA,NSA,755864
2004,681010,204869.0,2891,180,347728,36775,544808,166407,AA,NSA,711215
2004,703637,230282.0,2974,195,364286,41776,568345,193967,AA,NSA,762312
2005,633131,248624.0,2725,204,319788,41725,495793,203079,AA,NSA,698872
2005,592920,223176.0,2502,184,293890,36483,461315,177081,AA,NSA,638396
2005,687836,238442.0,2833,200,363567,41659,584038,192656,AA,NSA,776694
2005,637991,204038.0,2699,184,337428,36380,522497,166342,AA,NSA,688839
2005,658106,211700.0,2827,186,353575,38464,543085,179888,AA,NSA,722973
2005,675445,231879.0,2800,229,385617,46026,610057,211723,AA,NSA,821780
2005,704176,245187.0,2899,247,388237,47490,620978,212229,AA,NSA,833207
2005,694603,245198.0,2917,247,387002,46367,613122,205715,AA,NSA,818837
2005,626700,215779.0,2744,216,317383,40575,492153,184585,AA,NSA,676738
2005,647207,214931.0,2860,216,340369,41557,528893,187565,AA,NSA,716458
2005,650334,208065.0,2815,209,344390,41196,531548,182614,AA,NSA,714162
2005,684615,238674.0,2910,227,357531,45380,559832,204981,AA,NSA,764813
2006,658791,249584.0,2830,233,318159,46886,494014,216797,AA,NSA,710811
2006,634910,228679.0,2693,213,309780,41398,489892,183418,AA,NSA,673310
2006,729089,253297.0,2995,238,374726,47051,601822,207176,AA,NSA,808998
2006,711652,244021.0,2861,232,378915,42279,603523,185229,AA,NSA,788752
2006,717336,210901.0,3001,198,379495,39385,592150,184297,AA,NSA,776447
2006,731865,242191.0,2957,255,398158,50290,636774,223811,AA,NSA,860585
2006,756672,260405.0,3053,283,413644,52962,661983,227234,AA,NSA,889217
2006,754298,261567.0,3161,283,402623,52192,634264,227496,AA,NSA,861760
2006,643331,241645.0,2868,232,323817,41556,495411,203077,AA,NSA,698488
2006,658343,234324.0,2963,220,347233,41793,532516,195128,AA,NSA,727644
2006,655304,208544.0,2879,196,343839,40352,526720,181714,AA,NSA,708434
2006,679612,232650.0,2927,216,353733,43930,557126,197006,AA,NSA,754132
2007,655252,246567.0,2807,208,320007,43824,503113,210451,AA,NSA,713564
2007,592376,224300.0,2535,193,301248,38798,463517,182297,AA,NSA,645814
2007,688762,242356.0,2946,216,382097,43745,588491,199079,AA,NSA,787570
2007,650320,208409.0,2781,195,375025,37764,575688,165918,AA,NSA,741606
2007,654601,212148.0,2826,197,369459,38634,570253,171789,AA,NSA,742042
2007,652330,208926.0,2702,219,373488,44629,599675,186124,AA,NSA,785799
2007,686599,222286.0,2791,231,368874,46867,607179,195874,AA,NSA,803053
2007,695428,225288.0,2856,234,380098,45914,626216,188046,AA,NSA,814262
2007,564284,206455.0,2488,186,282432,36340,447534,171072,AA,NSA,618606
2007,619578,221332.0,2690,193,318345,38666,503168,182600,AA,NSA,685768
2007,614574,281589.0,2589,214,314680,43400,499892,212076,AA,NSA,711968
2007,641561,332421.0,2607,253,313719,54933,508796,277647,AA,NSA,786443
2008,577227,338793.0,2359,261,268373,50830,433717,272485,AA,NSA,706202
2008,573599,300744.0,2338,239,268175,42732,431720,218690,AA,NSA,650410
2008,637649,311262.0,2547,227,324424,45797,532541,233961,AA,NSA,766502
2008,595720,296400.0,2384,218,312127,41121,514520,203726,AA,NSA,718246
2008,608195,308095.0,2415,228,318781,45885,525458,232032,AA,NSA,757490
2008,640756,308325.0,2518,240,345392,51945,580536,260972,AA,NSA,841508
2008,685734,291500.0,2661,240,351502,50181,596667,241850,AA,NSA,838517
2008,661679,292332.0,2571,262,355486,51712,591139,232160,AA,NSA,823299
2008,523446,212710.0,2111,156,262961,33682,416822,173640,AA,NSA,590462
2008,536081,210233.0,2205,152,283340,34224,453079,170916,AA,NSA,623995
2008,489758,175899.0,1905,124,240626,27320,391689,135311,AA,NSA,527000
2008,536039,237125.0,2049,165,271439,34336,449799,177562,AA,NSA,627361
2009,503152,226370.0,1951,159,240380,30935,395314,171164,AA,NSA,566478
2009,489357,174508.0,1905,126,238562,23931,396128,124608,AA,NSA,520736
2009,566975,195322.0,2240,139,292851,27980,482564,139124,AA,NSA,621688
2009,557809,192144.0,2160,135,297830,28754,488514,140854,AA,NSA,629368
2009,557943,195877.0,2188,127,297162,27698,487652,144653,AA,NSA,632305
2009,585765,195441.0,2328,137,326191,34982,546437,176722,AA,NSA,723159
2009,635139,206632.0,2513,157,344038,38094,573669,183273,AA,NSA,756942
2009,636025,207164.0,2479,164,342822,38661,570235,174559,AA,NSA,744794
2009,491676,174553.0,2039,131,257637,29505,414368,151751,AA,NSA,566119
2009,520916,178394.0,2114,133,280794,30816,454642,159926,AA,NSA,614568
2009,496686,168091.0,1951,127,256271,27839,414156,145094,AA,NSA,559250
2009,541334,178993.0,2073,145,274528,30341,452992,159168,AA,NSA,612160
2010,594703,181258.0,2057,143,264834,28602,438269,154155,AA,NSA,592424
2010,472178,164107.0,1850,132,238234,26963,389011,135346,AA,NSA,524357
2010,568091,182718.0,2192,138,294296,29413,495792,149661,AA,NSA,645453
2010,553614,180765.0,2064,127,286819,28951,483031,135083,AA,NSA,618114
2010,566351,199966.0,2108,142,291993,32831,492111,158322,AA,NSA,650433
2010,610232,202883.0,2264,171,328424,39524,567753,180126,AA,NSA,747879
2010,642140,213613.0,2363,191,328922,40670,575921,190094,AA,NSA,766015
2010,632451,211480.0,2340,178,337845,41620,580701,187989,AA,NSA,768690
2010,526260,194950.0,2071,136,274939,33260,448441,169787,AA,NSA,618228
2010,560601,202127.0,2184,180,300806,36568,487345,174832,AA,NSA,662177
2010,527224,183722.0,1963,186,267907,33394,443438,156112,AA,NSA,599550
2010,532029,273375.0,1984,220,267199,41985,454640,219757,AA,NSA,674397
2011,492574,243628.0,1932,238,243694,40143,399493,206868,AA,NSA,606361
2011,447774,178762.0,1762,200,225784,30375,368073,139314,AA,NSA,507387
2011,527186,204531.0,2054,245,275169,36887,461179,152933,AA,NSA,614112
2011,504990,202024.0,1925,244,265423,38549,441434,157739,AA,NSA,599173
2011,507622,219991.0,1964,258,272944,43832,447916,185858,AA,NSA,633774
2011,571373,245660.0,2144,270,310917,49332,533363,218355,AA,NSA,751718
2011,609036,262411.0,2257,284,324907,53181,564854,230820,AA,NSA,795674
2011,599301,258529.0,2223,266,317407,50629,543754,220248,AA,NSA,764002
2011,459901,240728.0,1895,220,256495,39283,408541,193501,AA,NSA,602042
2011,468450,236719.0,1928,204,262963,39375,414128,201970,AA,NSA,616098
2011,434713,223622.0,1714,208,237204,36057,381134,168937,AA,NSA,550071
2011,517180,239691.0,1950,235,268507,42140,453152,198613,AA,NSA,651765
2012,657759,258905.0,2439,305,327501,49951,551020,204560,AA,NSA,755580
2012,627878,243589.0,2327,286,307049,44647,516235,187632,AA,NSA,703867
2012,732581,268513.0,2615,315,368890,50188,645758,206677,AA,NSA,852435
2012,716332,245144.0,2600,268,361476,48128,627861,200579,AA,NSA,828440
2012,745732,263085.0,2654,282,369863,52777,651454,227176,AA,NSA,878630
2012,836627,245342.0,2958,269,424352,51054,748476,217697,AA,NSA,966173
2012,877073,264129.0,3071,283,439266,56087,778839,236441,AA,NSA,1015280
2012,847222,257297.0,3004,263,437196,51285,766628,225230,AA,NSA,991858
2012,682119,242600.0,2470,224,329893,42795,556494,208541,AA,NSA,765035
2012,666253,245797.0,2452,226,343538,42521,575266,209651,AA,NSA,784917
2012,630367,231171.0,2305,240,320466,41081,541433,181714,AA,NSA,723147
2012,705468,246126.0,2491,264,348350,46866,610772,201144,AA,NSA,811916
2013,632020,256101.0,2301,276,313399,44402,526114,200639,AA,NSA,726753
2013,564821,229967.0,2109,247,285455,39241,475440,178893,AA,NSA,654333
2013,676106,251050.0,2424,278,350472,48768,603239,209059,AA,NSA,812298
2013,705941,252729.0,2510,273,354207,46893,618879,199666,AA,NSA,818545
2013,778526,266665.0,2735,283,391439,52114,692309,228473,AA,NSA,920782
2013,894639,254060.0,3105,272,457768,52847,814240,226786,AA,NSA,1041026
2013,932850,268852.0,3215,289,466082,56366,837321,244469,AA,NSA,1081790
2013,884197,243841.0,3119,272,455288,48594,806291,217029,AA,NSA,1023320
2013,727822,224809.0,2694,216,342512,39030,598616,191842,AA,NSA,790458
2013,745681,235488.0,2723,232,365546,40848,630070,196053,AA,NSA,826123
2013,706535,217651.0,2570,246,341864,41084,582791,171358,AA,NSA,754149
2013,770879,233868.0,2757,264,398524,45827,689639,189898,AA,NSA,879537
2014,671932,236677.0,2458,262,342602,43015,579894,193074,AA,NSA,772968
2014,585969,211233.0,2182,232,301081,37233,497586,171531,AA,NSA,669117
2014,731110,248933.0,2573,316,374412,48893,646450,199086,AA,NSA,845536
2014,703429,211175.0,2551,276,364510,43304,619943,177227,AA,NSA,797170
2014,785350,224785.0,2780,294,403036,47715,699116,202058,AA,NSA,901174
2014,872698,220235.0,3032,301,448152,50971,800002,198300,AA,NSA,998302
2014,924399,226088.0,3200,309,465316,52238,827628,205918,AA,NSA,1033546
2014,867028,224190.0,3046,276,450984,47123,788757,200194,AA,NSA,988951
2014,715521,204544.0,2641,207,348800,36696,591924,182972,AA,NSA,774896
2014,739868,218452.0,2727,219,360493,37132,612785,184001,AA,NSA,796786
2014,680360,247791.0,2498,234,335384,39913,564424,201215,AA,NSA,765639
2014,744310,268385.0,2635,266,376366,47188,655052,226128,AA,NSA,881180
2015,628276,263673.0,2333,231,321136,40560,533909,221559,AA,NSA,755468
2015,565409,232718.0,2105,197,289044,33748,478575,187123,AA,NSA,665698
2015,694751,271400.0,2462,254,358287,44031,610881,217123,AA,NSA,828004
2015,689537,263142.0,2393,251,340314,40160,586091,192662,AA,NSA,778753
2015,758099,287223.0,2616,278,369698,47244,645772,226459,AA,NSA,872231
2015,844161,293402.0,2726,297,414291,55479,761082,252009,AA,NSA,1013091
2015,876577,305448.0,2842,321,432659,59390,783914,270031,AA,NSA,1053945
2015,840820,298535.0,2755,299,422681,54332,747722,252527,AA,NSA,1000249
2015,718779,270462.0,2434,215,353723,40233,601985,222553,AA,NSA,824538
2015,741729,283066.0,2555,232,376889,43263,635247,235981,AA,NSA,871228
2015,634279,273074.0,2209,263,323186,44664,541820,216932,AA,NSA,758752
2015,704157,296643.0,2327,285,352297,51529,608672,242591,AA,NSA,851263
2016,566080,281667.0,1965,236,287177,41851,474203,232981,AA,NSA,707184
2016,553740,263075.0,1920,206,274736,37126,454909,210864,AA,NSA,665773
2016,640190,278214.0,2249,244,337443,42556,566485,211259,AA,NSA,777744
2016,636807,277342.0,2259,249,322756,41591,539197,205123,AA,NSA,744320
2016,709411,293322.0,2475,272,368417,48367,625532,232602,AA,NSA,858134
2016,754536,290619.0,2501,287,397025,56481,694817,260782,AA,NSA,955599
2016,790267,299669.0,2663,308,414390,60256,714726,274134,AA,NSA,988860
2016,783369,281861.0,2691,262,401568,49062,685590,240304,AA,NSA,925894
2016,689452,265130.0,2389,212,348279,39966,595289,219790,AA,NSA,815079
2016,724121,277561.0,2544,231,382550,43219,642276,232310,AA,NSA,874586
2016,649465,276025.0,2317,268,353007,47563,572154,223725,AA,NSA,795879
2016,697727,300747.0,2356,310,365522,55867,615338,248981,AA,NSA,864319
2017,593280,0.0,2063,0,313046,0,508970,0,AA,NSA,508970
2017,523853,0.0,1858,0,274105,0,439238,0,AA,NSA,439238
2017,628311,0.0,2196,0,341045,0,562927,0,AA,NSA,562927
2002,260893,6254.0,1931,186,175018,9607,174821,3307,FA,AMP,178128
2002,271253,5639.0,1998,170,182205,8562,183341,2951,FA,AMP,186292
2002,277273,5145.0,2016,155,201904,8066,206526,2718,FA,AMP,209244
2003,276264,4968.0,1954,158,168528,7044,173298,2363,FA,AMP,175661
2003,234144,3977.0,1653,126,157524,6690,162800,2126,FA,AMP,164926
2003,275947,5668.0,1932,169,175080,7635,181991,2531,FA,AMP,184522
2003,265841,5544.0,1867,165,181183,6456,187327,1966,FA,AMP,189293
2003,268552,5404.0,1888,160,190858,7415,194466,2457,FA,AMP,196923
2003,266312,5355.0,1877,156,192341,8843,194887,2932,FA,AMP,197819
2003,280939,5218.0,1960,152,212363,10426,217494,3640,FA,AMP,221134
2003,269460,5197.0,1883,149,211302,10941,215720,3961,FA,AMP,219681
2003,256742,4928.0,1792,148,158560,9269,160126,3268,FA,AMP,163394
2003,283112,5268.0,1966,159,192235,8892,196903,3111,FA,AMP,200014
2003,258586,4480.0,1809,135,184349,7361,191507,2583,FA,AMP,194090
2003,262365,4542.0,1844,137,198413,7191,207881,2480,FA,AMP,210361
2004,272146,3313.0,1843,78,170969,3941,179491,1358,FA,AMP,180849
2004,264417,3031.0,1770,66,179229,3525,186941,1190,FA,AMP,188131
2004,287164,3398.0,1915,74,207770,4876,217459,1655,FA,AMP,219114
2004,284580,3307.0,1915,72,211545,5827,219466,1968,FA,AMP,221434
2004,276879,4026.0,1875,79,195759,6784,202114,2404,FA,AMP,204518
2004,269444,4163.0,1854,82,202152,7174,207340,2510,FA,AMP,209850
2004,272034,5491.0,1863,92,214281,7874,221861,3331,FA,AMP,225192
2004,277747,5093.0,1911,92,221436,9743,227729,3976,FA,AMP,231705
2004,251149,3628.0,1718,79,172212,8212,175895,2789,FA,AMP,178684
2004,278633,3582.0,1882,78,203369,7132,209114,2349,FA,AMP,211463
2004,272377,3468.0,1855,73,194963,4886,200739,1724,FA,AMP,202463
2004,284541,4120.0,1929,80,210318,5826,218950,2207,FA,AMP,221157
2005,265458,4542.0,1788,80,180542,4959,189209,1908,FA,AMP,191117
2005,252186,4191.0,1706,74,184362,4736,192340,2067,FA,AMP,194407
2005,283275,4564.0,1909,81,217666,5562,227886,2620,FA,AMP,230506
2005,280013,5106.0,1856,85,216956,6151,224826,2759,FA,AMP,227585
2005,290805,5357.0,1906,88,218874,7209,227303,2886,FA,AMP,230189
2005,265904,5217.0,1798,86,214090,7851,217689,3180,FA,AMP,220869
2005,266544,5926.0,1818,96,218818,8967,224827,3811,FA,AMP,228638
2005,271324,5114.0,1856,88,217873,9023,222465,3563,FA,AMP,226028
2005,259398,3643.0,1762,71,188238,5816,190299,1921,FA,AMP,192220
2005,257383,3682.0,1757,72,197328,5638,199885,1880,FA,AMP,201765
2005,273969,3375.0,1862,66,218959,5752,223383,1950,FA,AMP,225333
2005,286726,3103.0,1948,61,228149,4477,235856,1456,FA,AMP,237312
2006,292624,2629.0,1983,52,201130,3552,207932,1156,FA,AMP,209088
2006,254981,2325.0,1735,46,186268,3287,192230,1011,FA,AMP,193241
2006,297080,2677.0,2025,53,227976,4517,235461,1337,FA,AMP,236798
2006,270795,2721.0,1841,54,223293,3909,226102,1258,FA,AMP,227360
2006,279061,2871.0,1898,57,224811,5702,227159,1911,FA,AMP,229070
2006,261047,2822.0,1785,56,218565,5895,220930,1938,FA,AMP,222868
2006,250389,2770.0,1708,55,212850,5754,216738,1853,FA,AMP,218591
2006,264225,2923.0,1813,58,213161,7078,216698,2173,FA,AMP,218871
2006,248111,2629.0,1688,52,181487,5637,183103,1885,FA,AMP,184988
2006,261053,2677.0,1762,53,204378,5155,208060,1677,FA,AMP,209737
2006,245956,2576.0,1656,51,200710,5276,204200,1709,FA,AMP,205909
2006,258013,2629.0,1726,52,208134,4878,215153,1511,FA,AMP,216664
2007,256784,2730.0,1733,54,185191,3735,188824,1157,FA,AMP,189981
2007,223066,2374.0,1496,47,166161,4053,170299,1239,FA,AMP,171538
2007,249151,2428.0,1671,48,200658,4559,205958,1377,FA,AMP,207335
2007,250327,2838.0,1717,56,203943,5119,205202,1539,FA,AMP,206741
2007,264724,3103.0,1839,61,217854,5938,217515,1860,FA,AMP,219375
2007,246015,2808.0,1702,55,218011,6650,217258,2069,FA,AMP,219327
2007,254774,3007.0,1769,59,230592,7736,230675,2349,FA,AMP,233024
2007,265126,3010.0,1836,59,236901,7274,236407,2203,FA,AMP,238610
2007,255950,2543.0,1752,50,189957,4897,190147,1535,FA,AMP,191682
2007,265580,2647.0,1808,52,208597,5110,210039,1690,FA,AMP,211729
2007,255644,2646.0,1735,52,204171,4718,205862,1544,FA,AMP,207406
2007,252326,2552.0,1712,50,199190,4346,203672,1419,FA,AMP,205091
2008,259396,2760.0,1766,54,180966,3890,185647,1237,FA,AMP,186884
2008,226704,2300.0,1547,45,166795,4487,169855,1472,FA,AMP,171327
2008,255927,2553.0,1748,50,198366,4121,201383,1346,FA,AMP,202729
2008,244606,2442.0,1674,48,188315,3102,189416,1028,FA,AMP,190444
2008,259953,2654.0,1795,52,200336,4400,201822,1396,FA,AMP,203218
2008,231438,2193.0,1610,43,192023,4247,192778,1282,FA,AMP,194060
2008,253096,2596.0,1752,51,211045,4899,214561,1339,FA,AMP,215900
2008,254769,2458.0,1747,48,206570,5466,210448,1539,FA,AMP,211987
2008,241780,2592.0,1615,52,161138,3058,164013,1077,FA,AMP,165090
2008,257481,2642.0,1699,53,178727,2946,182703,1049,FA,AMP,183752
2008,223586,2187.0,1420,44,158108,3389,164409,1216,FA,AMP,165625
2008,227638,2241.0,1440,45,175800,3581,185401,1280,FA,AMP,186681
2009,220615,2092.0,1393,42,137224,2326,144591,832,FA,AMP,145423
2009,201449,2043.0,1270,41,133911,1792,140140,643,FA,AMP,140783
2009,227324,2392.0,1438,48,161890,2784,168657,998,FA,AMP,169655
2009,216905,2143.0,1382,43,164736,2196,171112,795,FA,AMP,171907
2009,218686,2293.0,1392,46,159901,2739,166231,982,FA,AMP,167213
2009,215756,2592.0,1379,52,172713,3268,177585,1177,FA,AMP,178762
2009,225440,2741.0,1440,55,192508,4982,199065,1780,FA,AMP,200845
2009,220901,2193.0,1420,44,189527,4041,194145,1447,FA,AMP,195592
2009,195456,0.0,1285,0,149364,0,152542,0,FA,AMP,152542
2009,200860,0.0,1323,0,163475,0,166454,0,FA,AMP,166454
2009,196077,0.0,1273,0,156754,0,160730,0,FA,AMP,160730
2009,209422,0.0,1340,0,166823,0,174304,0,FA,AMP,174304
2010,206112,0.0,1311,0,139756,0,146389,0,FA,AMP,146389
2010,173155,0.0,1107,0,125738,36,130581,0,FA,AMP,130581
2010,214980,0.0,1378,0,172827,70,179741,0,FA,AMP,179741
2010,210120,0.0,1335,0,165586,10,170206,0,FA,AMP,170206
2010,209578,0.0,1328,0,173163,0,178898,0,FA,AMP,178898
2010,205464,0.0,1311,0,177388,0,181530,0,FA,AMP,181530
2010,214206,0.0,1366,0,187140,0,192003,0,FA,AMP,192003
2010,218002,0.0,1400,0,188864,230,193818,0,FA,AMP,193818
2010,205021,0.0,1336,0,156197,761,160457,0,FA,AMP,160457
2010,208784,0.0,1361,0,169469,928,174328,0,FA,AMP,174328
2010,207274,0.0,1321,0,160846,553,167854,0,FA,AMP,167854
2010,200362,0.0,1255,0,159190,300,168091,0,FA,AMP,168091
2011,198202,0.0,1259,0,130438,172,137740,0,FA,AMP,137740
2011,180559,0.0,1152,0,122418,176,129319,0,FA,AMP,129319
2011,217380,0.0,1400,0,151987,228,160072,0,FA,AMP,160072
2011,208792,0.0,1332,0,161502,423,167514,0,FA,AMP,167514
2011,201322,0.0,1291,0,164112,404,170582,0,FA,AMP,170582
2011,204898,0.0,1310,0,165230,219,170920,0,FA,AMP,170920
2011,210968,0.0,1345,0,174812,183,182075,0,FA,AMP,182075
2011,201300,0.0,1275,0,172098,282,179368,0,FA,AMP,179368
2011,192148,0.0,1173,0,148054,83,153671,0,FA,AMP,153671
2011,186907,0.0,1149,0,154054,79,159753,0,FA,AMP,159753
2011,195911,0.0,1187,0,157714,44,165915,0,FA,AMP,165915
2011,207004,0.0,1238,0,157365,0,170403,0,FA,AMP,170403
2012,202257,0.0,1217,0,135409,0,144026,0,FA,AMP,144026
2012,195323,0.0,1199,0,127719,65,135599,0,FA,AMP,135599
2012,212967,0.0,1320,0,156672,74,166952,0,FA,AMP,166952
2012,210416,0.0,1317,0,162982,1,169045,0,FA,AMP,169045
2012,219200,0.0,1362,0,172266,0,180419,0,FA,AMP,180419
2012,201298,0.0,1256,0,161504,0,168852,0,FA,AMP,168852
2012,200527,0.0,1280,0,168825,0,177363,0,FA,AMP,177363
2012,204419,0.0,1309,0,174386,0,183024,0,FA,AMP,183024
2012,193122,0.0,1227,0,146179,0,149999,0,FA,AMP,149999
2012,189791,0.0,1213,0,150525,0,154891,0,FA,AMP,154891
2012,192281,0.0,1206,0,144040,0,149535,0,FA,AMP,149535
2012,197324,0.0,1238,0,156269,0,166158,0,FA,AMP,166158
2013,190590,0.0,1215,0,139034,0,146609,0,FA,AMP,146609
2013,170855,0.0,1092,0,123983,0,130838,0,FA,AMP,130838
2013,191639,0.0,1235,0,149814,0,159555,0,FA,AMP,159555
2013,187037,0.0,1253,0,144297,75,149181,0,FA,AMP,149181
2013,193989,0.0,1306,0,155886,98,161778,0,FA,AMP,161778
2013,187098,0.0,1265,0,156366,27,161854,0,FA,AMP,161854
2013,192206,0.0,1305,0,166627,0,173554,0,FA,AMP,173554
2013,199070,0.0,1349,0,170382,0,176169,0,FA,AMP,176169
2013,187468,0.0,1249,0,140671,0,146883,0,FA,AMP,146883
2013,198834,0.0,1327,0,159095,0,166343,0,FA,AMP,166343
2013,187088,0.0,1225,0,142911,0,150947,0,FA,AMP,150947
2013,192424,0.0,1221,0,155729,0,167494,0,FA,AMP,167494
2014,188925,0.0,1173,0,132143,0,143167,0,FA,AMP,143167
2014,166539,0.0,1043,0,123845,0,131660,0,FA,AMP,131660
2014,197083,0.0,1232,0,145182,0,155824,0,FA,AMP,155824
2014,199320,0.0,1270,0,156171,0,164238,0,FA,AMP,164238
2014,190039,0.0,1206,0,156118,0,163921,0,FA,AMP,163921
2014,183944,0.0,1172,0,154203,0,161915,0,FA,AMP,161915
2014,189194,0.0,1203,0,162861,0,172477,0,FA,AMP,172477
2014,187906,0.0,1200,0,159038,0,166995,0,FA,AMP,166995
2014,176766,0.0,1124,0,129712,0,136253,0,FA,AMP,136253
2014,183302,0.0,1165,0,144376,0,151020,0,FA,AMP,151020
2014,188275,0.0,1157,0,138137,0,144734,0,FA,AMP,144734
2014,209669,0.0,1246,0,164415,0,176836,0,FA,AMP,176836
2015,185989,0.0,1106,0,125518,0,134850,0,FA,AMP,134850
2015,166057,0.0,989,0,122384,0,130456,0,FA,AMP,130456
2015,195059,0.0,1159,0,141887,0,151588,0,FA,AMP,151588
2015,197364,0.0,1181,0,150056,0,158189,0,FA,AMP,158189
2015,197329,0.0,1181,0,156394,0,164821,0,FA,AMP,164821
2015,197803,0.0,1178,0,167269,0,177240,0,FA,AMP,177240
2015,247934,0.0,2275,0,280709,162,228798,0,FA,AMP,228798
2015,242935,0.0,2254,0,269869,346,221568,0,FA,AMP,221568
2015,236381,0.0,2201,0,248542,86,204340,0,FA,AMP,204340
2015,236726,0.0,2231,0,262849,20,214657,0,FA,AMP,214657
2015,212804,0.0,2009,0,234314,22,192334,0,FA,AMP,192334
2015,220581,0.0,1941,0,237772,13,200957,0,FA,AMP,200957
2016,205994,0.0,1951,0,205214,342,172840,0,FA,AMP,172840
2016,208401,0.0,1983,0,203997,627,172249,0,FA,AMP,172249
2016,230917,0.0,2240,0,238695,539,196465,0,FA,AMP,196465
2016,224078,0.0,2149,0,249109,692,197563,0,FA,AMP,197563
2016,233241,0.0,2226,0,255656,855,201795,0,FA,AMP,201795
2016,237528,0.0,2274,0,277317,946,212705,0,FA,AMP,212705
2016,236951,0.0,2223,0,279829,1123,220334,0,FA,AMP,220334
2016,243051,0.0,2320,0,261695,1683,211108,0,FA,AMP,211108
2016,236472,0.0,2210,0,225846,844,185005,0,FA,AMP,185005
2016,238824,0.0,2228,0,242508,738,198952,0,FA,AMP,198952
2016,230316,0.0,1941,0,223494,174,192088,0,FA,AMP,192088
2016,226251,0.0,1740,0,214941,215,192176,0,FA,AMP,192176
2017,215046,0.0,1758,0,188969,0,168527,0,FA,AMP,168527
2017,190827,0.0,1609,0,169076,0,148292,0,FA,AMP,148292
2017,216369,0.0,1797,0,206564,0,176530,0,FA,AMP,176530
2002,206414,6940.0,2071,35,225906,3658,144611,4038,GA,AMP,148649
2002,195626,9115.0,1938,35,217477,5274,139188,5822,GA,AMP,145010
2002,191899,9029.0,1798,34,219456,4812,150501,5312,GA,AMP,155813
2003,198840,9287.0,1947,35,183175,3859,120345,4260,GA,AMP,124605
2003,166877,7896.0,1653,30,167101,4818,112653,5319,GA,AMP,117972
2003,194177,9452.0,1940,36,189101,6945,127267,7667,GA,AMP,134934
2003,187204,9009.0,1750,34,204132,6195,138645,6839,GA,AMP,145484
2003,199234,7618.0,1857,30,205530,4233,136601,4673,GA,AMP,141274
2003,191876,8858.0,1922,34,210969,4461,140160,4925,GA,AMP,145085
2003,191815,6981.0,1913,35,222894,5177,155122,5715,GA,AMP,160837
2003,198328,6638.0,1887,34,228500,5213,166016,5755,GA,AMP,171771
2003,194603,6020.0,1854,30,182782,1872,118747,2067,GA,AMP,120814
2003,207652,6232.0,2024,31,226406,3620,152704,3996,GA,AMP,156700
2003,197023,6721.0,1905,35,215823,4564,149292,5039,GA,AMP,154331
2003,186194,6352.0,1742,33,208327,3902,152118,4308,GA,AMP,156426
2004,188056,5484.0,1836,29,176674,2966,126014,3274,GA,AMP,129288
2004,188951,6122.0,1865,31,192224,4358,135015,4811,GA,AMP,139826
2004,199482,7062.0,2008,35,209670,5210,145158,5752,GA,AMP,150910
2004,198474,7270.0,1984,34,228484,5798,155698,6160,GA,AMP,161858
2004,196885,6883.0,1970,36,215213,3858,146404,4160,GA,AMP,150564
2004,206098,6553.0,1973,34,228270,4118,156502,4546,GA,AMP,161048
2004,208956,6902.0,1946,36,223462,5266,163259,5814,GA,AMP,169073
2004,209716,7007.0,1981,35,225759,5542,167645,6118,GA,AMP,173763
2004,175752,5034.0,1794,25,172156,1492,110937,1647,GA,AMP,112584
2004,209742,5822.0,2028,29,216244,3435,145966,3635,GA,AMP,149601
2004,206986,6796.0,1949,34,216304,4156,148796,4588,GA,AMP,153384
2004,190944,6749.0,1857,35,213682,4062,150085,4484,GA,AMP,154569
2005,176834,6687.0,1769,35,179851,3523,126408,3889,GA,AMP,130297
2005,166450,6403.0,1646,32,178580,4088,124461,4455,GA,AMP,128916
2005,180298,6641.0,1798,33,205822,5175,142242,5650,GA,AMP,147892
2005,182054,7161.0,1823,35,213814,5368,143437,5846,GA,AMP,149283
2005,188643,6841.0,1888,35,207527,3851,138969,4252,GA,AMP,143221
2005,176170,6363.0,1789,33,206427,3681,137451,4064,GA,AMP,141515
2005,180469,6911.0,1789,36,218016,5317,154918,5870,GA,AMP,160788
2005,182321,6773.0,1843,35,211943,5153,151402,5689,GA,AMP,157091
2005,166190,6002.0,1718,30,174433,2673,110341,2951,GA,AMP,113292
2005,167530,6188.0,1733,30,176967,3698,111972,4083,GA,AMP,116055
2005,153177,6443.0,1584,30,177102,3843,109784,4243,GA,AMP,114027
2005,178601,4860.0,1689,31,185044,3120,131315,3366,GA,AMP,134681
2006,172697,4546.0,1715,29,168551,3159,117379,3055,GA,AMP,120434
2006,159230,148.0,1560,1,163307,369,112802,50,GA,AMP,112852
2006,192857,1340.0,1875,9,206723,1425,143749,1193,GA,AMP,144942
2006,187940,1784.0,1814,12,202295,1599,138155,1622,GA,AMP,139777
2006,175567,4860.0,1801,31,186616,3447,122352,3620,GA,AMP,125972
2006,171045,4703.0,1741,30,197457,3289,132341,3490,GA,AMP,135831
2006,173773,4860.0,1679,31,194398,4000,143761,4281,GA,AMP,148042
2006,177548,4860.0,1809,31,186694,3901,138074,4134,GA,AMP,142208
2006,151728,4381.0,1621,28,147231,2170,96478,2396,GA,AMP,98874
2006,155291,4859.0,1744,31,163837,2890,108704,3191,GA,AMP,111895
2006,146379,4546.0,1665,29,171567,3249,112219,3587,GA,AMP,115806
2006,160877,4677.0,1688,30,179134,3563,128033,3783,GA,AMP,131816
2007,162866,4860.0,1791,31,147476,2876,101266,3175,GA,AMP,104441
2007,141354,4684.0,1546,30,136430,3070,93320,3389,GA,AMP,96709
2007,156950,5443.0,1749,35,170923,4374,116533,4675,GA,AMP,121208
2007,152113,7889.0,1716,57,170255,5309,113864,5322,GA,AMP,119186
2007,143991,7514.0,1692,56,158615,4510,101569,4342,GA,AMP,105911
2007,135379,7859.0,1608,58,168310,5078,106790,4939,GA,AMP,111729
2007,138077,8453.0,1616,62,167561,5506,115889,5414,GA,AMP,121303
2007,144250,8329.0,1715,61,167713,6445,118313,6309,GA,AMP,124622
2007,137322,3170.0,1616,21,132433,1599,84944,1719,GA,AMP,86663
2007,144270,3292.0,1699,21,156972,1982,103568,2188,GA,AMP,105756
2007,141435,3919.0,1615,25,154181,2429,104536,2682,GA,AMP,107218
2007,147638,4076.0,1548,26,148703,2582,110771,2814,GA,AMP,113585
2008,156459,3605.0,1717,23,134146,2041,96685,2253,GA,AMP,98938
2008,151067,4528.0,1642,29,137834,3127,100274,3452,GA,AMP,103726
2008,164797,5599.0,1786,36,161506,4081,119420,4505,GA,AMP,123925
2008,153910,3761.0,1726,24,158869,2605,112114,2876,GA,AMP,114990
2008,150452,3606.0,1695,23,151558,2496,104875,2756,GA,AMP,107631
2008,126492,4076.0,1532,26,144439,3045,95591,3289,GA,AMP,98880
2008,126984,4860.0,1549,31,153067,4865,106761,4340,GA,AMP,111101
2008,130687,3135.0,1560,20,148763,3341,105312,2823,GA,AMP,108135
2008,120655,592.0,1501,4,120775,419,76904,269,GA,AMP,77173
2008,133895,601.0,1585,4,146102,503,98056,317,GA,AMP,98373
2008,138994,4233.0,1530,27,143946,2275,99827,2429,GA,AMP,102256
2008,160906,4703.0,1617,30,167416,3231,127396,3457,GA,AMP,130853
2009,159193,3292.0,1505,21,122378,1401,95743,1472,GA,AMP,97215
2009,146280,3135.0,1402,20,121495,1845,95651,1962,GA,AMP,97613
2009,155020,4076.0,1404,26,133136,2977,107033,3208,GA,AMP,110241
2009,132945,3762.0,1212,24,129448,2936,100232,3207,GA,AMP,103439
2009,130866,3606.0,1200,23,124944,2422,95159,2626,GA,AMP,97785
2009,111241,157.0,1063,1,115630,128,85130,81,GA,AMP,85211
2009,105789,0.0,1039,0,125505,82,92743,0,GA,AMP,92743
2009,108996,0.0,1063,0,122004,94,92254,0,GA,AMP,92254
2009,100234,0.0,971,0,98399,0,70712,0,GA,AMP,70712
2009,103726,0.0,1013,0,110269,0,80033,0,GA,AMP,80033
2009,101511,0.0,980,0,105272,67,76177,0,GA,AMP,76177
2009,107662,0.0,986,0,114508,133,88420,0,GA,AMP,88420
2010,212260,2875.0,1915,21,159529,1544,131311,1446,GA,AMP,132757
2010,186501,3559.0,1649,26,154153,1821,129695,1978,GA,AMP,131673
2010,232471,4518.0,2100,33,221762,2842,185231,3138,GA,AMP,188369
2010,226192,3286.0,2061,24,214803,2156,173290,2301,GA,AMP,175591
2010,228457,3175.0,2061,23,219629,1802,176924,1855,GA,AMP,178779
2010,226481,3559.0,2073,26,228704,3102,182792,2717,GA,AMP,185509
2010,227835,4107.0,2071,30,243908,4655,199643,3462,GA,AMP,203105
2010,235406,2190.0,2141,16,246203,2893,201102,1887,GA,AMP,202989
2010,213099,0.0,1924,0,196240,647,154576,0,GA,AMP,154576
2010,227753,0.0,2042,0,223314,581,178828,0,GA,AMP,178828
2010,210602,0.0,1905,0,204776,473,161996,0,GA,AMP,161996
2010,210660,628.0,1872,2,208729,727,169860,575,GA,AMP,170435
2011,210241,1749.0,1867,5,164663,481,134400,667,GA,AMP,135067
2011,206231,1347.0,1829,4,171337,593,140915,931,GA,AMP,141846
2011,247399,1161.0,2213,4,221370,663,181379,828,GA,AMP,182207
2011,222703,1161.0,1984,4,212879,796,171767,810,GA,AMP,172577
2011,238875,0.0,2111,0,222806,940,178830,0,GA,AMP,178830
2011,226304,0.0,2041,0,220584,1301,175761,0,GA,AMP,175761
2011,228508,0.0,2057,0,234663,1950,191581,0,GA,AMP,191581
2011,217266,0.0,1966,0,228657,1691,186490,0,GA,AMP,186490
2011,204919,0.0,1833,0,185633,1107,147087,0,GA,AMP,147087
2011,209973,0.0,1886,0,203270,1084,163355,0,GA,AMP,163355
2011,203578,0.0,1820,0,200243,456,160333,0,GA,AMP,160333
2011,226518,871.0,1966,3,216783,617,180452,622,GA,AMP,181074
2012,210310,1161.0,1870,4,168465,1272,137541,865,GA,AMP,138406
2012,206770,1228.0,1832,4,172684,1344,141538,1031,GA,AMP,142569
2012,245416,6321.0,2140,35,230905,4748,194004,4871,GA,AMP,198875
2012,261738,6071.0,2209,34,244907,4742,205797,4459,GA,AMP,210256
2012,267908,5074.0,2241,31,246876,4438,204892,3621,GA,AMP,208513
2012,263740,4770.0,2050,29,238731,4229,204049,3560,GA,AMP,207609
2012,274290,4770.0,2028,29,263223,5400,235428,3961,GA,AMP,239389
2012,300857,5099.0,2256,31,292656,5872,258655,4642,GA,AMP,263297
2012,277710,4775.0,2127,29,215298,3948,186959,2279,GA,AMP,189238
2012,272495,3756.0,2082,27,241093,3694,213896,2581,GA,AMP,216477
2012,262653,4518.0,1986,30,219258,3069,195379,2913,GA,AMP,198292
2012,287804,5833.0,2140,33,257717,3859,233344,3854,GA,AMP,237198
2013,247406,5394.0,1869,32,199542,3376,179086,2714,GA,AMP,181800
2013,231738,5030.0,1723,29,189451,4056,173039,3541,GA,AMP,176580
2013,292191,5098.0,2102,31,271052,5063,251457,4223,GA,AMP,255680
2013,277808,7776.0,2027,53,234109,5973,212624,4858,GA,AMP,217482
2013,267985,8928.0,1961,62,237392,7561,213373,6170,GA,AMP,219543
2013,260201,8640.0,1933,60,235557,7876,211224,6511,GA,AMP,217735
2013,259923,10080.0,1942,66,253062,8892,228902,7886,GA,AMP,236788
2013,269549,10399.0,2024,67,258977,10182,233882,8926,GA,AMP,242808
2013,212384,7167.0,1685,60,173319,6088,154564,4539,GA,AMP,159103
2013,231179,7328.0,1823,62,204353,6087,184223,4528,GA,AMP,188751
2013,226201,6952.0,1805,59,193083,5498,173841,4791,GA,AMP,178632
2013,259582,7955.0,1975,64,246747,6680,228759,6149,GA,AMP,234908
2014,224451,8031.0,1715,63,189508,5658,175313,5118,GA,AMP,180431
2014,213648,7302.0,1610,55,180324,5260,167026,5141,GA,AMP,172167
2014,299750,8896.0,2165,67,248486,6199,231510,6290,GA,AMP,237800
2014,280366,8473.0,2060,64,243332,6783,223691,6609,GA,AMP,230300
2014,264004,1801.0,1979,7,235785,1187,212845,1510,GA,AMP,214355
2014,251928,1255.0,1899,4,225207,690,205422,982,GA,AMP,206404
2014,255534,1255.0,1928,4,248572,1303,228271,1014,GA,AMP,229285
2014,256614,1569.0,1937,5,243273,1407,222620,1282,GA,AMP,223902
2014,201005,0.0,1631,0,179032,358,158387,0,GA,AMP,158387
2014,224700,0.0,1822,0,205606,625,184502,0,GA,AMP,184502
2014,240563,0.0,2152,0,220186,656,184442,0,GA,AMP,184442
2014,280332,588.0,2327,2,267008,623,237603,506,GA,AMP,238109
2015,234100,1549.0,2082,5,191774,1158,163836,1196,GA,AMP,165032
2015,230458,1196.0,1974,4,208011,1046,179847,941,GA,AMP,180788
2015,294509,1255.0,2498,4,276028,1226,239124,1006,GA,AMP,240130
2015,269501,1196.0,2328,4,258410,1086,216629,1033,GA,AMP,217662
2015,260696,1471.0,2271,5,250744,947,203791,904,GA,AMP,204695
2015,258202,1177.0,2283,4,259231,885,211585,853,GA,AMP,212438
2015,253471,1839.0,2066,8,256268,1641,223111,1278,GA,AMP,224389
2015,257911,2005.0,2116,9,254038,2374,222386,1607,GA,AMP,223993
2015,207266,0.0,1930,0,194989,862,161870,0,GA,AMP,161870
2015,224087,0.0,2058,0,227097,845,189495,0,GA,AMP,189495
2015,229938,0.0,1986,0,225374,375,189467,0,GA,AMP,189467
2015,292368,917.0,2383,4,278627,803,252378,811,GA,AMP,253189
2016,250400,1248.0,2196,6,214548,1215,183893,799,GA,AMP,184692
2016,253111,662.0,2142,4,210775,1120,181767,491,GA,AMP,182258
2016,304107,662.0,2382,4,274336,1248,245865,615,GA,AMP,246480
2016,264557,166.0,2094,1,245940,908,215276,117,GA,AMP,215393
2016,262199,0.0,2087,0,243091,605,208763,0,GA,AMP,208763
2016,258147,0.0,2088,0,245129,283,211338,0,GA,AMP,211338
2016,254289,0.0,2043,0,252406,676,222009,0,GA,AMP,222009
2016,251144,0.0,2071,0,246238,843,215551,0,GA,AMP,215551
2016,211852,0.0,1932,0,204089,731,170379,0,GA,AMP,170379
2016,214324,0.0,1914,0,219462,562,183846,0,GA,AMP,183846
2016,225309,0.0,1889,0,230459,797,194477,0,GA,AMP,194477
2016,272808,493.0,2151,3,268640,1137,240937,304,GA,AMP,241241
2017,236134,0.0,1921,0,209007,0,181017,0,GA,AMP,181017
2017,218361,0.0,1737,0,192738,0,169272,0,GA,AMP,169272
2017,290645,0.0,2214,0,269322,0,238857,0,GA,AMP,238857
2002,90955,0.0,603,0,59664,146,60397,0,AA,AMP,60397
2002,82132,0.0,588,0,57058,733,54671,0,AA,AMP,54671
2002,83652,0.0,588,0,63031,693,64113,0,AA,AMP,64113
2003,85257,0.0,618,0,52720,584,54008,0,AA,AMP,54008
2003,72540,0.0,523,0,49791,489,50934,0,AA,AMP,50934
2003,83133,0.0,613,0,57639,520,57977,0,AA,AMP,57977
2003,78991,0.0,574,0,58518,572,57970,0,AA,AMP,57970
2003,85229,0.0,632,0,66375,591,65680,0,AA,AMP,65680
2003,84607,0.0,612,0,66469,552,66515,0,AA,AMP,66515
2003,85866,0.0,594,0,67130,739,69365,0,AA,AMP,69365
2003,83673,0.0,575,0,67939,546,69780,0,AA,AMP,69780
2003,78828,0.0,579,0,57618,437,57474,0,AA,AMP,57474
2003,83645,0.0,626,0,64210,481,63798,0,AA,AMP,63798
2003,80742,0.0,586,0,61576,498,60682,0,AA,AMP,60682
2003,80635,0.0,581,0,63898,503,65318,0,AA,AMP,65318
2004,80263,0.0,594,0,49655,325,51872,0,AA,AMP,51872
2004,78924,0.0,590,0,52995,377,54755,0,AA,AMP,54755
2004,85372,0.0,628,0,60360,406,62080,0,AA,AMP,62080
2004,80404,0.0,617,0,63195,549,61402,0,AA,AMP,61402
2004,84049,0.0,609,0,66194,288,65771,0,AA,AMP,65771
2004,82631,0.0,593,0,68883,495,69296,0,AA,AMP,69296
2004,84533,0.0,606,0,69470,542,71088,0,AA,AMP,71088
2004,85482,0.0,622,0,76094,705,75862,0,AA,AMP,75862
2004,82839,0.0,591,0,65609,821,64689,0,AA,AMP,64689
2004,87205,0.0,605,0,67412,619,65532,0,AA,AMP,65532
2004,81426,0.0,582,0,62813,430,61424,0,AA,AMP,61424
2004,81072,0.0,579,0,64529,382,65218,0,AA,AMP,65218
2005,76914,0.0,544,0,51348,442,53404,0,AA,AMP,53404
2005,75369,0.0,537,0,53881,559,54822,0,AA,AMP,54822
2005,84137,0.0,602,0,61809,627,64025,0,AA,AMP,64025
2005,82448,0.0,590,0,68197,680,66387,0,AA,AMP,66387
2005,83504,0.0,596,0,69949,402,69547,0,AA,AMP,69547
2005,82592,0.0,614,0,73020,262,73212,0,AA,AMP,73212
2005,82467,0.0,612,0,70625,241,72202,0,AA,AMP,72202
2005,86827,0.0,659,0,74360,363,74397,0,AA,AMP,74397
2005,85560,0.0,629,0,68280,438,66765,0,AA,AMP,66765
2005,88016,0.0,638,0,71674,485,70812,0,AA,AMP,70812
2005,82690,0.0,590,0,70069,299,68837,0,AA,AMP,68837
2005,82018,0.0,580,0,67563,324,68862,0,AA,AMP,68862
2006,80734,0.0,566,0,61431,326,63352,0,AA,AMP,63352
2006,73124,0.0,511,0,56759,639,57728,0,AA,AMP,57728
2006,84506,0.0,588,0,69605,676,71017,0,AA,AMP,71017
2006,83667,0.0,578,0,72041,636,72425,0,AA,AMP,72425
2006,99300,0.0,648,0,80079,377,84973,0,AA,AMP,84973
2006,100579,0.0,638,0,85146,315,89599,0,AA,AMP,89599
2006,101446,0.0,630,0,84142,411,90395,0,AA,AMP,90395
2006,106387,0.0,671,0,84302,539,89848,0,AA,AMP,89848
2006,95889,0.0,615,0,69189,434,72775,0,AA,AMP,72775
2006,101083,0.0,652,0,77455,419,82215,0,AA,AMP,82215
2006,102948,0.0,684,0,80585,531,79554,0,AA,AMP,79554
2006,96963,0.0,668,0,74357,296,73855,0,AA,AMP,73855
2007,101297,0.0,691,0,70276,286,70502,0,AA,AMP,70502
2007,90464,0.0,593,0,64012,319,66056,0,AA,AMP,66056
2007,100591,0.0,653,0,76975,345,80657,0,AA,AMP,80657
2007,96127,0.0,639,0,77583,515,79668,0,AA,AMP,79668
2007,96668,0.0,670,0,81971,456,81891,0,AA,AMP,81891
2007,94906,0.0,608,0,81119,340,85557,0,AA,AMP,85557
2007,95373,0.0,614,0,78320,557,85066,0,AA,AMP,85066
2007,96473,0.0,625,0,79626,813,84990,0,AA,AMP,84990
2007,91228,0.0,601,0,59342,614,63798,0,AA,AMP,63798
2007,94685,0.0,635,0,67474,725,72270,0,AA,AMP,72270
2007,87929,0.0,585,0,65653,381,67111,0,AA,AMP,67111
2007,82984,0.0,533,0,61627,358,66756,0,AA,AMP,66756
2008,83781,0.0,564,0,54207,483,58483,0,AA,AMP,58483
2008,77172,0.0,519,0,54297,423,58249,0,AA,AMP,58249
2008,94089,0.0,609,0,68625,457,74578,0,AA,AMP,74578
2008,97379,0.0,607,0,70129,397,73348,0,AA,AMP,73348
2008,96864,0.0,610,0,73174,476,75971,0,AA,AMP,75971
2008,96293,0.0,600,0,77971,379,84446,0,AA,AMP,84446
2008,98483,0.0,616,0,79722,391,87045,0,AA,AMP,87045
2008,95410,0.0,618,0,81713,438,86520,0,AA,AMP,86520
2008,71493,0.0,558,0,59541,438,59056,0,AA,AMP,59056
2008,72361,0.0,572,0,59380,529,58107,0,AA,AMP,58107
2008,70801,0.0,529,0,53677,409,52746,0,AA,AMP,52746
2008,70359,0.0,518,0,56973,343,56776,0,AA,AMP,56776
2009,65087,0.0,510,0,45315,232,46568,0,AA,AMP,46568
2009,66047,0.0,494,0,42868,349,44989,0,AA,AMP,44989
2009,74486,0.0,544,0,51774,474,54379,0,AA,AMP,54379
2009,67391,0.0,512,0,53069,617,52672,0,AA,AMP,52672
2009,67833,0.0,509,0,54091,375,54136,0,AA,AMP,54136
2009,77820,0.0,531,0,61950,207,64794,0,AA,AMP,64794
2009,81415,0.0,546,0,68609,286,70982,0,AA,AMP,70982
2009,84368,0.0,565,0,74387,411,75393,0,AA,AMP,75393
2009,72664,0.0,539,0,58298,350,57737,0,AA,AMP,57737
2009,72807,0.0,547,0,63351,283,61915,0,AA,AMP,61915
2009,63021,0.0,465,0,52780,97,51674,0,AA,AMP,51674
2009,63155,0.0,452,0,53033,98,53472,0,AA,AMP,53472
2010,55022,0.0,382,0,39605,51,43438,0,AA,AMP,43438
2010,46305,0.0,312,0,34126,107,37998,0,AA,AMP,37998
2010,57463,0.0,391,0,44065,107,48758,0,AA,AMP,48758
2010,63804,0.0,459,0,52333,79,53558,0,AA,AMP,53558
2010,64972,0.0,469,0,57740,100,57743,0,AA,AMP,57743
2010,70598,0.0,502,0,65221,119,64981,0,AA,AMP,64981
2010,73247,0.0,523,0,65252,230,65905,0,AA,AMP,65905
2010,75654,0.0,547,0,67716,330,67657,0,AA,AMP,67657
2010,74069,0.0,567,0,64006,196,62921,0,AA,AMP,62921
2010,76481,0.0,580,0,68051,192,66292,0,AA,AMP,66292
2010,71815,0.0,549,0,62685,42,60966,0,AA,AMP,60966
2010,69685,0.0,516,0,61404,0,60485,0,AA,AMP,60485
2011,67837,0.0,507,0,50598,0,51991,0,AA,AMP,51991
2011,59939,0.0,452,0,46568,0,47578,0,AA,AMP,47578
2011,72124,0.0,557,0,57387,0,57817,0,AA,AMP,57817
2011,66908,0.0,516,0,59986,0,58270,0,AA,AMP,58270
2011,67997,0.0,521,0,62813,29,60755,0,AA,AMP,60755
2011,71695,0.0,545,0,67351,30,64733,0,AA,AMP,64733
2011,71251,0.0,538,0,66023,89,63934,0,AA,AMP,63934
2011,68689,0.0,521,0,65657,123,63267,0,AA,AMP,63267
2011,68506,0.0,523,0,58761,0,56814,0,AA,AMP,56814
2011,68714,0.0,523,0,60699,0,57571,0,AA,AMP,57571
2011,65296,0.0,493,0,58711,0,56166,0,AA,AMP,56166
2011,66340,0.0,456,0,57433,4,57917,0,AA,AMP,57917
2012,114471,0.0,713,0,75653,0,86505,0,AA,AMP,86505
2012,110711,616.0,702,2,71209,283,81029,537,AA,AMP,81566
2012,117842,243.0,748,1,81870,94,92057,155,AA,AMP,92212
2012,112251,0.0,685,0,82737,109,94076,0,AA,AMP,94076
2012,111443,0.0,688,0,84401,75,95113,0,AA,AMP,95113
2012,120112,0.0,695,0,90180,95,104774,0,AA,AMP,104774
2012,118017,1137.0,695,4,87524,607,104467,1102,AA,AMP,105569
2012,122302,1208.0,737,4,92311,784,108221,1002,AA,AMP,109223
2012,122312,0.0,732,0,78383,34,89592,0,AA,AMP,89592
2012,109491,0.0,648,0,75656,25,87613,0,AA,AMP,87613
2012,111855,0.0,627,0,67818,25,79708,0,AA,AMP,79708
2012,108658,0.0,585,0,71575,39,89580,0,AA,AMP,89580
2013,107309,302.0,590,1,62775,110,79795,141,AA,AMP,79936
2013,97435,553.0,537,2,57927,209,72326,377,AA,AMP,72703
2013,122228,0.0,669,0,80485,57,98769,0,AA,AMP,98769
2013,115491,0.0,630,0,74142,36,89966,0,AA,AMP,89966
2013,115659,0.0,689,0,82740,5,96658,0,AA,AMP,96658
2013,115673,0.0,656,0,85538,0,103226,0,AA,AMP,103226
2013,110214,1208.0,626,4,81561,580,99750,1131,AA,AMP,100881
2013,118125,1208.0,674,4,88435,600,106440,1057,AA,AMP,107497
2013,116699,0.0,712,0,79893,34,92644,0,AA,AMP,92644
2013,120695,0.0,769,0,85333,3,97118,0,AA,AMP,97118
2013,113694,0.0,697,0,76185,137,86832,0,AA,AMP,86832
2013,105838,0.0,599,0,76511,55,94183,0,AA,AMP,94183
2014,98744,0.0,535,0,58788,144,74393,0,AA,AMP,74393
2014,91886,604.0,492,2,57941,406,72168,557,AA,AMP,72725
2014,108479,302.0,606,1,71406,169,88122,108,AA,AMP,88230
2014,108098,0.0,596,0,75974,63,92715,0,AA,AMP,92715
2014,118454,0.0,687,0,91517,60,106282,0,AA,AMP,106282
2014,110955,0.0,653,0,84507,62,101321,0,AA,AMP,101321
2014,111943,0.0,645,0,86387,193,105623,0,AA,AMP,105623
2014,116796,0.0,675,0,90037,308,108579,0,AA,AMP,108579
2014,113493,0.0,657,0,80579,42,94373,0,AA,AMP,94373
2014,118052,0.0,715,0,83469,38,95118,0,AA,AMP,95118
2014,111856,0.0,708,0,77493,55,86896,0,AA,AMP,86896
2014,113384,0.0,702,0,83866,63,96379,0,AA,AMP,96379
2015,106657,0.0,667,0,67297,25,78318,0,AA,AMP,78318
2015,101365,0.0,634,0,67988,66,78838,0,AA,AMP,78838
2015,119489,0.0,742,0,86362,103,99247,0,AA,AMP,99247
2015,122493,0.0,748,0,89613,61,101538,0,AA,AMP,101538
2015,125553,0.0,756,0,98119,8,110316,0,AA,AMP,110316
2015,123689,0.0,733,0,97848,23,111642,0,AA,AMP,111642
2015,128080,0.0,777,0,103762,272,120528,0,AA,AMP,120528
2015,125625,0.0,762,0,102660,139,117260,0,AA,AMP,117260
2015,114395,0.0,706,0,90069,0,99334,0,AA,AMP,99334
2015,125057,0.0,779,0,99121,2,109517,0,AA,AMP,109517
2015,111775,0.0,689,0,87441,42,97071,0,AA,AMP,97071
2015,111129,0.0,665,0,86711,37,100572,0,AA,AMP,100572
2016,99660,0.0,580,0,70097,1,83203,0,AA,AMP,83203
2016,103968,0.0,607,0,69721,5,82261,0,AA,AMP,82261
2016,117374,0.0,664,0,83817,0,100034,0,AA,AMP,100034
2016,113152,0.0,652,0,84652,0,97870,0,AA,AMP,97870
2016,120483,0.0,697,0,92428,0,106483,0,AA,AMP,106483
2016,116185,0.0,666,0,93256,1,109507,0,AA,AMP,109507
2016,113481,0.0,639,0,90603,35,108658,0,AA,AMP,108658
2016,127642,0.0,754,0,104002,22,119929,0,AA,AMP,119929
2016,124154,0.0,757,0,98787,0,109370,0,AA,AMP,109370
2016,126252,0.0,782,0,101496,0,111922,0,AA,AMP,111922
2016,117835,0.0,731,0,93419,0,103607,0,AA,AMP,103607
2016,117005,0.0,686,0,90885,0,106263,0,AA,AMP,106263
2017,106572,0.0,611,0,72056,0,85739,0,AA,AMP,85739
2017,98106,0.0,554,0,65146,0,78047,0,AA,AMP,78047
2017,116045,0.0,646,0,81154,0,96953,0,AA,AMP,96953
